[{"seleccion": "torneos", "ps": [{"gana": "GanaPartida", "nashors": "ConsigueBaron", "torre": "PrimeraTorre", "sangre": "PrimeraSangre", "value": 229}, {"gana": "GanaPartida", "nashors": "ConsigueBaron", "torre": "PrimeraTorre", "sangre": "No_PrimeraSangre", "value": 121}, {"gana": "GanaPartida", "nashors": "ConsigueBaron", "torre": "No_PrimeraTorre", "sangre": "PrimeraSangre", "value": 94}, {"gana": "GanaPartida", "nashors": "ConsigueBaron", "torre": "No_PrimeraTorre", "sangre": "No_PrimeraSangre", "value": 93}, {"gana": "GanaPartida", "nashors": "No_ConsigueBaron", "torre": "PrimeraTorre", "sangre": "PrimeraSangre", "value": 42}, {"gana": "GanaPartida", "nashors": "No_ConsigueBaron", "torre": "PrimeraTorre", "sangre": "No_PrimeraSangre", "value": 11}, {"gana": "GanaPartida", "nashors": "No_ConsigueBaron", "torre": "No_PrimeraTorre", "sangre": "PrimeraSangre", "value": 13}, {"gana": "GanaPartida", "nashors": "No_ConsigueBaron", "torre": "No_PrimeraTorre", "sangre": "No_PrimeraSangre", "value": 11}, {"gana": "PierdePartida", "nashors": "ConsigueBaron", "torre": "PrimeraTorre", "sangre": "PrimeraSangre", "value": 20}, {"gana": "PierdePartida", "nashors": "ConsigueBaron", "torre": "PrimeraTorre", "sangre": "No_PrimeraSangre", "value": 15}, {"gana": "PierdePartida", "nashors": "ConsigueBaron", "torre": "No_PrimeraTorre", "sangre": "PrimeraSangre", "value": 18}, {"gana": "PierdePartida", "nashors": "ConsigueBaron", "torre": "No_PrimeraTorre", "sangre": "No_PrimeraSangre", "value": 34}, {"gana": "PierdePartida", "nashors": "No_ConsigueBaron", "torre": "PrimeraTorre", "sangre": "PrimeraSangre", "value": 84}, {"gana": "PierdePartida", "nashors": "No_ConsigueBaron", "torre": "PrimeraTorre", "sangre": "No_PrimeraSangre", "value": 91}, {"gana": "PierdePartida", "nashors": "No_ConsigueBaron", "torre": "No_PrimeraTorre", "sangre": "PrimeraSangre", "value": 114}, {"gana": "PierdePartida", "nashors": "No_ConsigueBaron", "torre": "No_PrimeraTorre", "sangre": "No_PrimeraSangre", "value": 238}]}, {"seleccion": "WORLDS", "ps": [{"gana": "GanaPartida", "nashors": "ConsigueBaron", "torre": "PrimeraTorre", "sangre": "PrimeraSangre", "value": 46}, {"gana": "GanaPartida", "nashors": "ConsigueBaron", "torre": "PrimeraTorre", "sangre": "No_PrimeraSangre", "value": 20}, {"gana": "GanaPartida", "nashors": "ConsigueBaron", "torre": "No_PrimeraTorre", "sangre": "PrimeraSangre", "value": 11}, {"gana": "GanaPartida", "nashors": "ConsigueBaron", "torre": "No_PrimeraTorre", "sangre": "No_PrimeraSangre", "value": 19}, {"gana": "GanaPartida", "nashors": "No_ConsigueBaron", "torre": "PrimeraTorre", "sangre": "PrimeraSangre", "value": 13}, {"gana": "GanaPartida", "nashors": "No_ConsigueBaron", "torre": "PrimeraTorre", "sangre": "No_PrimeraSangre", "value": 0}, {"gana": "GanaPartida", "nashors": "No_ConsigueBaron", "torre": "No_PrimeraTorre", "sangre": "PrimeraSangre", "value": 2}, {"gana": "GanaPartida", "nashors": "No_ConsigueBaron", "torre": "No_PrimeraTorre", "sangre": "No_PrimeraSangre", "value": 3}, {"gana": "PierdePartida", "nashors": "ConsigueBaron", "torre": "PrimeraTorre", "sangre": "PrimeraSangre", "value": 3}, {"gana": "PierdePartida", "nashors": "ConsigueBaron", "torre": "PrimeraTorre", "sangre": "No_PrimeraSangre", "value": 1}, {"gana": "PierdePartida", "nashors": "ConsigueBaron", "torre": "No_PrimeraTorre", "sangre": "PrimeraSangre", "value": 0}, {"gana": "PierdePartida", "nashors": "ConsigueBaron", "torre": "No_PrimeraTorre", "sangre": "No_PrimeraSangre", "value": 8}, {"gana": "PierdePartida", "nashors": "No_ConsigueBaron", "torre": "PrimeraTorre", "sangre": "PrimeraSangre", "value": 19}, {"gana": "PierdePartida", "nashors": "No_ConsigueBaron", "torre": "PrimeraTorre", "sangre": "No_PrimeraSangre", "value": 12}, {"gana": "PierdePartida", "nashors": "No_ConsigueBaron", "torre": "No_PrimeraTorre", "sangre": "PrimeraSangre", "value": 20}, {"gana": "PierdePartida", "nashors": "No_ConsigueBaron", "torre": "No_PrimeraTorre", "sangre": "No_PrimeraSangre", "value": 51}]}, {"seleccion": "Unicorns Of Love_WORLDS", "ps": [{"gana": "GanaPartida", "nashors": "ConsigueBaron", "torre": "PrimeraTorre", "sangre": "PrimeraSangre", "value": 3}, {"gana": "GanaPartida", "nashors": "ConsigueBaron", "torre": "PrimeraTorre", "sangre": "No_PrimeraSangre", "value": 2}, {"gana": "GanaPartida", "nashors": "ConsigueBaron", "torre": "No_PrimeraTorre", "sangre": "PrimeraSangre", "value": 1}, {"gana": "GanaPartida", "nashors": "ConsigueBaron", "torre": "No_PrimeraTorre", "sangre": "No_PrimeraSangre", "value": 0}, {"gana": "GanaPartida", "nashors": "No_ConsigueBaron", "torre": "PrimeraTorre", "sangre": "PrimeraSangre", "value": 0}, {"gana": "GanaPartida", "nashors": "No_ConsigueBaron", "torre": "PrimeraTorre", "sangre": "No_PrimeraSangre", "value": 0}, {"gana": "GanaPartida", "nashors": "No_ConsigueBaron", "torre": "No_PrimeraTorre", "sangre": "PrimeraSangre", "value": 0}, {"gana": "GanaPartida", "nashors": "No_ConsigueBaron", "torre": "No_PrimeraTorre", "sangre": "No_PrimeraSangre", "value": 0}, {"gana": "PierdePartida", "nashors": "ConsigueBaron", "torre": "PrimeraTorre", "sangre": "PrimeraSangre", "value": 1}, {"gana": "PierdePartida", "nashors": "ConsigueBaron", "torre": "PrimeraTorre", "sangre": "No_PrimeraSangre", "value": 0}, {"gana": "PierdePartida", "nashors": "ConsigueBaron", "torre": "No_PrimeraTorre", "sangre": "PrimeraSangre", "value": 0}, {"gana": "PierdePartida", "nashors": "ConsigueBaron", "torre": "No_PrimeraTorre", "sangre": "No_PrimeraSangre", "value": 0}, {"gana": "PierdePartida", "nashors": "No_ConsigueBaron", "torre": "PrimeraTorre", "sangre": "PrimeraSangre", "value": 1}, {"gana": "PierdePartida", "nashors": "No_ConsigueBaron", "torre": "PrimeraTorre", "sangre": "No_PrimeraSangre", "value": 2}, {"gana": "PierdePartida", "nashors": "No_ConsigueBaron", "torre": "No_PrimeraTorre", "sangre": "PrimeraSangre", "value": 2}, {"gana": "PierdePartida", "nashors": "No_ConsigueBaron", "torre": "No_PrimeraTorre", "sangre": "No_PrimeraSangre", "value": 2}]}, {"seleccion": "Papara SuperMassive_WORLDS", "ps": [{"gana": "GanaPartida", "nashors": "ConsigueBaron", "torre": "PrimeraTorre", "sangre": "PrimeraSangre", "value": 2}, {"gana": "GanaPartida", "nashors": "ConsigueBaron", "torre": "PrimeraTorre", "sangre": "No_PrimeraSangre", "value": 1}, {"gana": "GanaPartida", "nashors": "ConsigueBaron", "torre": "No_PrimeraTorre", "sangre": "PrimeraSangre", "value": 1}, {"gana": "GanaPartida", "nashors": "ConsigueBaron", "torre": "No_PrimeraTorre", "sangre": "No_PrimeraSangre", "value": 0}, {"gana": "GanaPartida", "nashors": "No_ConsigueBaron", "torre": "PrimeraTorre", "sangre": "PrimeraSangre", "value": 1}, {"gana": "GanaPartida", "nashors": "No_ConsigueBaron", "torre": "PrimeraTorre", "sangre": "No_PrimeraSangre", "value": 0}, {"gana": "GanaPartida", "nashors": "No_ConsigueBaron", "torre": "No_PrimeraTorre", "sangre": "PrimeraSangre", "value": 0}, {"gana": "GanaPartida", "nashors": "No_ConsigueBaron", "torre": "No_PrimeraTorre", "sangre": "No_PrimeraSangre", "value": 0}, {"gana": "PierdePartida", "nashors": "ConsigueBaron", "torre": "PrimeraTorre", "sangre": "PrimeraSangre", "value": 0}, {"gana": "PierdePartida", "nashors": "ConsigueBaron", "torre": "PrimeraTorre", "sangre": "No_PrimeraSangre", "value": 0}, {"gana": "PierdePartida", "nashors": "ConsigueBaron", "torre": "No_PrimeraTorre", "sangre": "PrimeraSangre", "value": 0}, {"gana": "PierdePartida", "nashors": "ConsigueBaron", "torre": "No_PrimeraTorre", "sangre": "No_PrimeraSangre", "value": 0}, {"gana": "PierdePartida", "nashors": "No_ConsigueBaron", "torre": "PrimeraTorre", "sangre": "PrimeraSangre", "value": 2}, {"gana": "PierdePartida", "nashors": "No_ConsigueBaron", "torre": "PrimeraTorre", "sangre": "No_PrimeraSangre", "value": 0}, {"gana": "PierdePartida", "nashors": "No_ConsigueBaron", "torre": "No_PrimeraTorre", "sangre": "PrimeraSangre", "value": 2}, {"gana": "PierdePartida", "nashors": "No_ConsigueBaron", "torre": "No_PrimeraTorre", "sangre": "No_PrimeraSangre", "value": 3}]}, {"seleccion": "Legacy eSports_WORLDS", "ps": [{"gana": "GanaPartida", "nashors": "ConsigueBaron", "torre": "PrimeraTorre", "sangre": "PrimeraSangre", "value": 1}, {"gana": "GanaPartida", "nashors": "ConsigueBaron", "torre": "PrimeraTorre", "sangre": "No_PrimeraSangre", "value": 2}, {"gana": "GanaPartida", "nashors": "ConsigueBaron", "torre": "No_PrimeraTorre", "sangre": "PrimeraSangre", "value": 0}, {"gana": "GanaPartida", "nashors": "ConsigueBaron", "torre": "No_PrimeraTorre", "sangre": "No_PrimeraSangre", "value": 0}, {"gana": "GanaPartida", "nashors": "No_ConsigueBaron", "torre": "PrimeraTorre", "sangre": "PrimeraSangre", "value": 0}, {"gana": "GanaPartida", "nashors": "No_ConsigueBaron", "torre": "PrimeraTorre", "sangre": "No_PrimeraSangre", "value": 0}, {"gana": "GanaPartida", "nashors": "No_ConsigueBaron", "torre": "No_PrimeraTorre", "sangre": "PrimeraSangre", "value": 0}, {"gana": "GanaPartida", "nashors": "No_ConsigueBaron", "torre": "No_PrimeraTorre", "sangre": "No_PrimeraSangre", "value": 0}, {"gana": "PierdePartida", "nashors": "ConsigueBaron", "torre": "PrimeraTorre", "sangre": "PrimeraSangre", "value": 0}, {"gana": "PierdePartida", "nashors": "ConsigueBaron", "torre": "PrimeraTorre", "sangre": "No_PrimeraSangre", "value": 0}, {"gana": "PierdePartida", "nashors": "ConsigueBaron", "torre": "No_PrimeraTorre", "sangre": "PrimeraSangre", "value": 0}, {"gana": "PierdePartida", "nashors": "ConsigueBaron", "torre": "No_PrimeraTorre", "sangre": "No_PrimeraSangre", "value": 1}, {"gana": "PierdePartida", "nashors": "No_ConsigueBaron", "torre": "PrimeraTorre", "sangre": "PrimeraSangre", "value": 0}, {"gana": "PierdePartida", "nashors": "No_ConsigueBaron", "torre": "PrimeraTorre", "sangre": "No_PrimeraSangre", "value": 0}, {"gana": "PierdePartida", "nashors": "No_ConsigueBaron", "torre": "No_PrimeraTorre", "sangre": "PrimeraSangre", "value": 1}, {"gana": "PierdePartida", "nashors": "No_ConsigueBaron", "torre": "No_PrimeraTorre", "sangre": "No_PrimeraSangre", "value": 3}]}, {"seleccion": "MAD Lions_WORLDS", "ps": [{"gana": "GanaPartida", "nashors": "ConsigueBaron", "torre": "PrimeraTorre", "sangre": "PrimeraSangre", "value": 2}, {"gana": "GanaPartida", "nashors": "ConsigueBaron", "torre": "PrimeraTorre", "sangre": "No_PrimeraSangre", "value": 0}, {"gana": "GanaPartida", "nashors": "ConsigueBaron", "torre": "No_PrimeraTorre", "sangre": "PrimeraSangre", "value": 0}, {"gana": "GanaPartida", "nashors": "ConsigueBaron", "torre": "No_PrimeraTorre", "sangre": "No_PrimeraSangre", "value": 1}, {"gana": "GanaPartida", "nashors": "No_ConsigueBaron", "torre": "PrimeraTorre", "sangre": "PrimeraSangre", "value": 0}, {"gana": "GanaPartida", "nashors": "No_ConsigueBaron", "torre": "PrimeraTorre", "sangre": "No_PrimeraSangre", "value": 0}, {"gana": "GanaPartida", "nashors": "No_ConsigueBaron", "torre": "No_PrimeraTorre", "sangre": "PrimeraSangre", "value": 0}, {"gana": "GanaPartida", "nashors": "No_ConsigueBaron", "torre": "No_PrimeraTorre", "sangre": "No_PrimeraSangre", "value": 1}, {"gana": "PierdePartida", "nashors": "ConsigueBaron", "torre": "PrimeraTorre", "sangre": "PrimeraSangre", "value": 0}, {"gana": "PierdePartida", "nashors": "ConsigueBaron", "torre": "PrimeraTorre", "sangre": "No_PrimeraSangre", "value": 0}, {"gana": "PierdePartida", "nashors": "ConsigueBaron", "torre": "No_PrimeraTorre", "sangre": "PrimeraSangre", "value": 0}, {"gana": "PierdePartida", "nashors": "ConsigueBaron", "torre": "No_PrimeraTorre", "sangre": "No_PrimeraSangre", "value": 0}, {"gana": "PierdePartida", "nashors": "No_ConsigueBaron", "torre": "PrimeraTorre", "sangre": "PrimeraSangre", "value": 1}, {"gana": "PierdePartida", "nashors": "No_ConsigueBaron", "torre": "PrimeraTorre", "sangre": "No_PrimeraSangre", "value": 0}, {"gana": "PierdePartida", "nashors": "No_ConsigueBaron", "torre": "No_PrimeraTorre", "sangre": "PrimeraSangre", "value": 2}, {"gana": "PierdePartida", "nashors": "No_ConsigueBaron", "torre": "No_PrimeraTorre", "sangre": "No_PrimeraSangre", "value": 3}]}, {"seleccion": "Rainbow7_WORLDS", "ps": [{"gana": "GanaPartida", "nashors": "ConsigueBaron", "torre": "PrimeraTorre", "sangre": "PrimeraSangre", "value": 1}, {"gana": "GanaPartida", "nashors": "ConsigueBaron", "torre": "PrimeraTorre", "sangre": "No_PrimeraSangre", "value": 1}, {"gana": "GanaPartida", "nashors": "ConsigueBaron", "torre": "No_PrimeraTorre", "sangre": "PrimeraSangre", "value": 0}, {"gana": "GanaPartida", "nashors": "ConsigueBaron", "torre": "No_PrimeraTorre", "sangre": "No_PrimeraSangre", "value": 0}, {"gana": "GanaPartida", "nashors": "No_ConsigueBaron", "torre": "PrimeraTorre", "sangre": "PrimeraSangre", "value": 0}, {"gana": "GanaPartida", "nashors": "No_ConsigueBaron", "torre": "PrimeraTorre", "sangre": "No_PrimeraSangre", "value": 0}, {"gana": "GanaPartida", "nashors": "No_ConsigueBaron", "torre": "No_PrimeraTorre", "sangre": "PrimeraSangre", "value": 0}, {"gana": "GanaPartida", "nashors": "No_ConsigueBaron", "torre": "No_PrimeraTorre", "sangre": "No_PrimeraSangre", "value": 0}, {"gana": "PierdePartida", "nashors": "ConsigueBaron", "torre": "PrimeraTorre", "sangre": "PrimeraSangre", "value": 0}, {"gana": "PierdePartida", "nashors": "ConsigueBaron", "torre": "PrimeraTorre", "sangre": "No_PrimeraSangre", "value": 0}, {"gana": "PierdePartida", "nashors": "ConsigueBaron", "torre": "No_PrimeraTorre", "sangre": "PrimeraSangre", "value": 0}, {"gana": "PierdePartida", "nashors": "ConsigueBaron", "torre": "No_PrimeraTorre", "sangre": "No_PrimeraSangre", "value": 0}, {"gana": "PierdePartida", "nashors": "No_ConsigueBaron", "torre": "PrimeraTorre", "sangre": "PrimeraSangre", "value": 0}, {"gana": "PierdePartida", "nashors": "No_ConsigueBaron", "torre": "PrimeraTorre", "sangre": "No_PrimeraSangre", "value": 1}, {"gana": "PierdePartida", "nashors": "No_ConsigueBaron", "torre": "No_PrimeraTorre", "sangre": "PrimeraSangre", "value": 0}, {"gana": "PierdePartida", "nashors": "No_ConsigueBaron", "torre": "No_PrimeraTorre", "sangre": "No_PrimeraSangre", "value": 4}]}, {"seleccion": "LGD Gaming_WORLDS", "ps": [{"gana": "GanaPartida", "nashors": "ConsigueBaron", "torre": "PrimeraTorre", "sangre": "PrimeraSangre", "value": 6}, {"gana": "GanaPartida", "nashors": "ConsigueBaron", "torre": "PrimeraTorre", "sangre": "No_PrimeraSangre", "value": 1}, {"gana": "GanaPartida", "nashors": "ConsigueBaron", "torre": "No_PrimeraTorre", "sangre": "PrimeraSangre", "value": 1}, {"gana": "GanaPartida", "nashors": "ConsigueBaron", "torre": "No_PrimeraTorre", "sangre": "No_PrimeraSangre", "value": 0}, {"gana": "GanaPartida", "nashors": "No_ConsigueBaron", "torre": "PrimeraTorre", "sangre": "PrimeraSangre", "value": 2}, {"gana": "GanaPartida", "nashors": "No_ConsigueBaron", "torre": "PrimeraTorre", "sangre": "No_PrimeraSangre", "value": 0}, {"gana": "GanaPartida", "nashors": "No_ConsigueBaron", "torre": "No_PrimeraTorre", "sangre": "PrimeraSangre", "value": 0}, {"gana": "GanaPartida", "nashors": "No_ConsigueBaron", "torre": "No_PrimeraTorre", "sangre": "No_PrimeraSangre", "value": 1}, {"gana": "PierdePartida", "nashors": "ConsigueBaron", "torre": "PrimeraTorre", "sangre": "PrimeraSangre", "value": 0}, {"gana": "PierdePartida", "nashors": "ConsigueBaron", "torre": "PrimeraTorre", "sangre": "No_PrimeraSangre", "value": 0}, {"gana": "PierdePartida", "nashors": "ConsigueBaron", "torre": "No_PrimeraTorre", "sangre": "PrimeraSangre", "value": 0}, {"gana": "PierdePartida", "nashors": "ConsigueBaron", "torre": "No_PrimeraTorre", "sangre": "No_PrimeraSangre", "value": 1}, {"gana": "PierdePartida", "nashors": "No_ConsigueBaron", "torre": "PrimeraTorre", "sangre": "PrimeraSangre", "value": 1}, {"gana": "PierdePartida", "nashors": "No_ConsigueBaron", "torre": "PrimeraTorre", "sangre": "No_PrimeraSangre", "value": 0}, {"gana": "PierdePartida", "nashors": "No_ConsigueBaron", "torre": "No_PrimeraTorre", "sangre": "PrimeraSangre", "value": 2}, {"gana": "PierdePartida", "nashors": "No_ConsigueBaron", "torre": "No_PrimeraTorre", "sangre": "No_PrimeraSangre", "value": 2}]}, {"seleccion": "Team Liquid_WORLDS", "ps": [{"gana": "GanaPartida", "nashors": "ConsigueBaron", "torre": "PrimeraTorre", "sangre": "PrimeraSangre", "value": 3}, {"gana": "GanaPartida", "nashors": "ConsigueBaron", "torre": "PrimeraTorre", "sangre": "No_PrimeraSangre", "value": 0}, {"gana": "GanaPartida", "nashors": "ConsigueBaron", "torre": "No_PrimeraTorre", "sangre": "PrimeraSangre", "value": 0}, {"gana": "GanaPartida", "nashors": "ConsigueBaron", "torre": "No_PrimeraTorre", "sangre": "No_PrimeraSangre", "value": 2}, {"gana": "GanaPartida", "nashors": "No_ConsigueBaron", "torre": "PrimeraTorre", "sangre": "PrimeraSangre", "value": 2}, {"gana": "GanaPartida", "nashors": "No_ConsigueBaron", "torre": "PrimeraTorre", "sangre": "No_PrimeraSangre", "value": 0}, {"gana": "GanaPartida", "nashors": "No_ConsigueBaron", "torre": "No_PrimeraTorre", "sangre": "PrimeraSangre", "value": 0}, {"gana": "GanaPartida", "nashors": "No_ConsigueBaron", "torre": "No_PrimeraTorre", "sangre": "No_PrimeraSangre", "value": 0}, {"gana": "PierdePartida", "nashors": "ConsigueBaron", "torre": "PrimeraTorre", "sangre": "PrimeraSangre", "value": 0}, {"gana": "PierdePartida", "nashors": "ConsigueBaron", "torre": "PrimeraTorre", "sangre": "No_PrimeraSangre", "value": 0}, {"gana": "PierdePartida", "nashors": "ConsigueBaron", "torre": "No_PrimeraTorre", "sangre": "PrimeraSangre", "value": 0}, {"gana": "PierdePartida", "nashors": "ConsigueBaron", "torre": "No_PrimeraTorre", "sangre": "No_PrimeraSangre", "value": 1}, {"gana": "PierdePartida", "nashors": "No_ConsigueBaron", "torre": "PrimeraTorre", "sangre": "PrimeraSangre", "value": 0}, {"gana": "PierdePartida", "nashors": "No_ConsigueBaron", "torre": "PrimeraTorre", "sangre": "No_PrimeraSangre", "value": 1}, {"gana": "PierdePartida", "nashors": "No_ConsigueBaron", "torre": "No_PrimeraTorre", "sangre": "PrimeraSangre", "value": 1}, {"gana": "PierdePartida", "nashors": "No_ConsigueBaron", "torre": "No_PrimeraTorre", "sangre": "No_PrimeraSangre", "value": 1}]}, {"seleccion": "INTZ e-Sports_WORLDS", "ps": [{"gana": "GanaPartida", "nashors": "ConsigueBaron", "torre": "PrimeraTorre", "sangre": "PrimeraSangre", "value": 0}, {"gana": "GanaPartida", "nashors": "ConsigueBaron", "torre": "PrimeraTorre", "sangre": "No_PrimeraSangre", "value": 0}, {"gana": "GanaPartida", "nashors": "ConsigueBaron", "torre": "No_PrimeraTorre", "sangre": "PrimeraSangre", "value": 1}, {"gana": "GanaPartida", "nashors": "ConsigueBaron", "torre": "No_PrimeraTorre", "sangre": "No_PrimeraSangre", "value": 0}, {"gana": "GanaPartida", "nashors": "No_ConsigueBaron", "torre": "PrimeraTorre", "sangre": "PrimeraSangre", "value": 0}, {"gana": "GanaPartida", "nashors": "No_ConsigueBaron", "torre": "PrimeraTorre", "sangre": "No_PrimeraSangre", "value": 0}, {"gana": "GanaPartida", "nashors": "No_ConsigueBaron", "torre": "No_PrimeraTorre", "sangre": "PrimeraSangre", "value": 0}, {"gana": "GanaPartida", "nashors": "No_ConsigueBaron", "torre": "No_PrimeraTorre", "sangre": "No_PrimeraSangre", "value": 0}, {"gana": "PierdePartida", "nashors": "ConsigueBaron", "torre": "PrimeraTorre", "sangre": "PrimeraSangre", "value": 1}, {"gana": "PierdePartida", "nashors": "ConsigueBaron", "torre": "PrimeraTorre", "sangre": "No_PrimeraSangre", "value": 0}, {"gana": "PierdePartida", "nashors": "ConsigueBaron", "torre": "No_PrimeraTorre", "sangre": "PrimeraSangre", "value": 0}, {"gana": "PierdePartida", "nashors": "ConsigueBaron", "torre": "No_PrimeraTorre", "sangre": "No_PrimeraSangre", "value": 0}, {"gana": "PierdePartida", "nashors": "No_ConsigueBaron", "torre": "PrimeraTorre", "sangre": "PrimeraSangre", "value": 0}, {"gana": "PierdePartida", "nashors": "No_ConsigueBaron", "torre": "PrimeraTorre", "sangre": "No_PrimeraSangre", "value": 1}, {"gana": "PierdePartida", "nashors": "No_ConsigueBaron", "torre": "No_PrimeraTorre", "sangre": "PrimeraSangre", "value": 0}, {"gana": "PierdePartida", "nashors": "No_ConsigueBaron", "torre": "No_PrimeraTorre", "sangre": "No_PrimeraSangre", "value": 2}]}, {"seleccion": "PSG Talon_WORLDS", "ps": [{"gana": "GanaPartida", "nashors": "ConsigueBaron", "torre": "PrimeraTorre", "sangre": "PrimeraSangre", "value": 2}, {"gana": "GanaPartida", "nashors": "ConsigueBaron", "torre": "PrimeraTorre", "sangre": "No_PrimeraSangre", "value": 0}, {"gana": "GanaPartida", "nashors": "ConsigueBaron", "torre": "No_PrimeraTorre", "sangre": "PrimeraSangre", "value": 0}, {"gana": "GanaPartida", "nashors": "ConsigueBaron", "torre": "No_PrimeraTorre", "sangre": "No_PrimeraSangre", "value": 3}, {"gana": "GanaPartida", "nashors": "No_ConsigueBaron", "torre": "PrimeraTorre", "sangre": "PrimeraSangre", "value": 1}, {"gana": "GanaPartida", "nashors": "No_ConsigueBaron", "torre": "PrimeraTorre", "sangre": "No_PrimeraSangre", "value": 0}, {"gana": "GanaPartida", "nashors": "No_ConsigueBaron", "torre": "No_PrimeraTorre", "sangre": "PrimeraSangre", "value": 0}, {"gana": "GanaPartida", "nashors": "No_ConsigueBaron", "torre": "No_PrimeraTorre", "sangre": "No_PrimeraSangre", "value": 0}, {"gana": "PierdePartida", "nashors": "ConsigueBaron", "torre": "PrimeraTorre", "sangre": "PrimeraSangre", "value": 0}, {"gana": "PierdePartida", "nashors": "ConsigueBaron", "torre": "PrimeraTorre", "sangre": "No_PrimeraSangre", "value": 0}, {"gana": "PierdePartida", "nashors": "ConsigueBaron", "torre": "No_PrimeraTorre", "sangre": "PrimeraSangre", "value": 0}, {"gana": "PierdePartida", "nashors": "ConsigueBaron", "torre": "No_PrimeraTorre", "sangre": "No_PrimeraSangre", "value": 0}, {"gana": "PierdePartida", "nashors": "No_ConsigueBaron", "torre": "PrimeraTorre", "sangre": "PrimeraSangre", "value": 0}, {"gana": "PierdePartida", "nashors": "No_ConsigueBaron", "torre": "PrimeraTorre", "sangre": "No_PrimeraSangre", "value": 0}, {"gana": "PierdePartida", "nashors": "No_ConsigueBaron", "torre": "No_PrimeraTorre", "sangre": "PrimeraSangre", "value": 1}, {"gana": "PierdePartida", "nashors": "No_ConsigueBaron", "torre": "No_PrimeraTorre", "sangre": "No_PrimeraSangre", "value": 4}]}, {"seleccion": "V3 Esports_WORLDS", "ps": [{"gana": "GanaPartida", "nashors": "ConsigueBaron", "torre": "PrimeraTorre", "sangre": "PrimeraSangre", "value": 1}, {"gana": "GanaPartida", "nashors": "ConsigueBaron", "torre": "PrimeraTorre", "sangre": "No_PrimeraSangre", "value": 0}, {"gana": "GanaPartida", "nashors": "ConsigueBaron", "torre": "No_PrimeraTorre", "sangre": "PrimeraSangre", "value": 0}, {"gana": "GanaPartida", "nashors": "ConsigueBaron", "torre": "No_PrimeraTorre", "sangre": "No_PrimeraSangre", "value": 0}, {"gana": "GanaPartida", "nashors": "No_ConsigueBaron", "torre": "PrimeraTorre", "sangre": "PrimeraSangre", "value": 0}, {"gana": "GanaPartida", "nashors": "No_ConsigueBaron", "torre": "PrimeraTorre", "sangre": "No_PrimeraSangre", "value": 0}, {"gana": "GanaPartida", "nashors": "No_ConsigueBaron", "torre": "No_PrimeraTorre", "sangre": "PrimeraSangre", "value": 0}, {"gana": "GanaPartida", "nashors": "No_ConsigueBaron", "torre": "No_PrimeraTorre", "sangre": "No_PrimeraSangre", "value": 0}, {"gana": "PierdePartida", "nashors": "ConsigueBaron", "torre": "PrimeraTorre", "sangre": "PrimeraSangre", "value": 0}, {"gana": "PierdePartida", "nashors": "ConsigueBaron", "torre": "PrimeraTorre", "sangre": "No_PrimeraSangre", "value": 0}, {"gana": "PierdePartida", "nashors": "ConsigueBaron", "torre": "No_PrimeraTorre", "sangre": "PrimeraSangre", "value": 0}, {"gana": "PierdePartida", "nashors": "ConsigueBaron", "torre": "No_PrimeraTorre", "sangre": "No_PrimeraSangre", "value": 0}, {"gana": "PierdePartida", "nashors": "No_ConsigueBaron", "torre": "PrimeraTorre", "sangre": "PrimeraSangre", "value": 0}, {"gana": "PierdePartida", "nashors": "No_ConsigueBaron", "torre": "PrimeraTorre", "sangre": "No_PrimeraSangre", "value": 1}, {"gana": "PierdePartida", "nashors": "No_ConsigueBaron", "torre": "No_PrimeraTorre", "sangre": "PrimeraSangre", "value": 0}, {"gana": "PierdePartida", "nashors": "No_ConsigueBaron", "torre": "No_PrimeraTorre", "sangre": "No_PrimeraSangre", "value": 3}]}, {"seleccion": "DAMWON Gaming_WORLDS", "ps": [{"gana": "GanaPartida", "nashors": "ConsigueBaron", "torre": "PrimeraTorre", "sangre": "PrimeraSangre", "value": 6}, {"gana": "GanaPartida", "nashors": "ConsigueBaron", "torre": "PrimeraTorre", "sangre": "No_PrimeraSangre", "value": 4}, {"gana": "GanaPartida", "nashors": "ConsigueBaron", "torre": "No_PrimeraTorre", "sangre": "PrimeraSangre", "value": 0}, {"gana": "GanaPartida", "nashors": "ConsigueBaron", "torre": "No_PrimeraTorre", "sangre": "No_PrimeraSangre", "value": 3}, {"gana": "GanaPartida", "nashors": "No_ConsigueBaron", "torre": "PrimeraTorre", "sangre": "PrimeraSangre", "value": 1}, {"gana": "GanaPartida", "nashors": "No_ConsigueBaron", "torre": "PrimeraTorre", "sangre": "No_PrimeraSangre", "value": 0}, {"gana": "GanaPartida", "nashors": "No_ConsigueBaron", "torre": "No_PrimeraTorre", "sangre": "PrimeraSangre", "value": 0}, {"gana": "GanaPartida", "nashors": "No_ConsigueBaron", "torre": "No_PrimeraTorre", "sangre": "No_PrimeraSangre", "value": 0}, {"gana": "PierdePartida", "nashors": "ConsigueBaron", "torre": "PrimeraTorre", "sangre": "PrimeraSangre", "value": 0}, {"gana": "PierdePartida", "nashors": "ConsigueBaron", "torre": "PrimeraTorre", "sangre": "No_PrimeraSangre", "value": 1}, {"gana": "PierdePartida", "nashors": "ConsigueBaron", "torre": "No_PrimeraTorre", "sangre": "PrimeraSangre", "value": 0}, {"gana": "PierdePartida", "nashors": "ConsigueBaron", "torre": "No_PrimeraTorre", "sangre": "No_PrimeraSangre", "value": 0}, {"gana": "PierdePartida", "nashors": "No_ConsigueBaron", "torre": "PrimeraTorre", "sangre": "PrimeraSangre", "value": 1}, {"gana": "PierdePartida", "nashors": "No_ConsigueBaron", "torre": "PrimeraTorre", "sangre": "No_PrimeraSangre", "value": 1}, {"gana": "PierdePartida", "nashors": "No_ConsigueBaron", "torre": "No_PrimeraTorre", "sangre": "PrimeraSangre", "value": 0}, {"gana": "PierdePartida", "nashors": "No_ConsigueBaron", "torre": "No_PrimeraTorre", "sangre": "No_PrimeraSangre", "value": 0}]}, {"seleccion": "Suning_WORLDS", "ps": [{"gana": "GanaPartida", "nashors": "ConsigueBaron", "torre": "PrimeraTorre", "sangre": "PrimeraSangre", "value": 4}, {"gana": "GanaPartida", "nashors": "ConsigueBaron", "torre": "PrimeraTorre", "sangre": "No_PrimeraSangre", "value": 1}, {"gana": "GanaPartida", "nashors": "ConsigueBaron", "torre": "No_PrimeraTorre", "sangre": "PrimeraSangre", "value": 1}, {"gana": "GanaPartida", "nashors": "ConsigueBaron", "torre": "No_PrimeraTorre", "sangre": "No_PrimeraSangre", "value": 3}, {"gana": "GanaPartida", "nashors": "No_ConsigueBaron", "torre": "PrimeraTorre", "sangre": "PrimeraSangre", "value": 1}, {"gana": "GanaPartida", "nashors": "No_ConsigueBaron", "torre": "PrimeraTorre", "sangre": "No_PrimeraSangre", "value": 0}, {"gana": "GanaPartida", "nashors": "No_ConsigueBaron", "torre": "No_PrimeraTorre", "sangre": "PrimeraSangre", "value": 2}, {"gana": "GanaPartida", "nashors": "No_ConsigueBaron", "torre": "No_PrimeraTorre", "sangre": "No_PrimeraSangre", "value": 0}, {"gana": "PierdePartida", "nashors": "ConsigueBaron", "torre": "PrimeraTorre", "sangre": "PrimeraSangre", "value": 1}, {"gana": "PierdePartida", "nashors": "ConsigueBaron", "torre": "PrimeraTorre", "sangre": "No_PrimeraSangre", "value": 0}, {"gana": "PierdePartida", "nashors": "ConsigueBaron", "torre": "No_PrimeraTorre", "sangre": "PrimeraSangre", "value": 0}, {"gana": "PierdePartida", "nashors": "ConsigueBaron", "torre": "No_PrimeraTorre", "sangre": "No_PrimeraSangre", "value": 1}, {"gana": "PierdePartida", "nashors": "No_ConsigueBaron", "torre": "PrimeraTorre", "sangre": "PrimeraSangre", "value": 2}, {"gana": "PierdePartida", "nashors": "No_ConsigueBaron", "torre": "PrimeraTorre", "sangre": "No_PrimeraSangre", "value": 0}, {"gana": "PierdePartida", "nashors": "No_ConsigueBaron", "torre": "No_PrimeraTorre", "sangre": "PrimeraSangre", "value": 1}, {"gana": "PierdePartida", "nashors": "No_ConsigueBaron", "torre": "No_PrimeraTorre", "sangre": "No_PrimeraSangre", "value": 2}]}, {"seleccion": "Top Esports_WORLDS", "ps": [{"gana": "GanaPartida", "nashors": "ConsigueBaron", "torre": "PrimeraTorre", "sangre": "PrimeraSangre", "value": 3}, {"gana": "GanaPartida", "nashors": "ConsigueBaron", "torre": "PrimeraTorre", "sangre": "No_PrimeraSangre", "value": 1}, {"gana": "GanaPartida", "nashors": "ConsigueBaron", "torre": "No_PrimeraTorre", "sangre": "PrimeraSangre", "value": 2}, {"gana": "GanaPartida", "nashors": "ConsigueBaron", "torre": "No_PrimeraTorre", "sangre": "No_PrimeraSangre", "value": 3}, {"gana": "GanaPartida", "nashors": "No_ConsigueBaron", "torre": "PrimeraTorre", "sangre": "PrimeraSangre", "value": 0}, {"gana": "GanaPartida", "nashors": "No_ConsigueBaron", "torre": "PrimeraTorre", "sangre": "No_PrimeraSangre", "value": 0}, {"gana": "GanaPartida", "nashors": "No_ConsigueBaron", "torre": "No_PrimeraTorre", "sangre": "PrimeraSangre", "value": 0}, {"gana": "GanaPartida", "nashors": "No_ConsigueBaron", "torre": "No_PrimeraTorre", "sangre": "No_PrimeraSangre", "value": 0}, {"gana": "PierdePartida", "nashors": "ConsigueBaron", "torre": "PrimeraTorre", "sangre": "PrimeraSangre", "value": 0}, {"gana": "PierdePartida", "nashors": "ConsigueBaron", "torre": "PrimeraTorre", "sangre": "No_PrimeraSangre", "value": 0}, {"gana": "PierdePartida", "nashors": "ConsigueBaron", "torre": "No_PrimeraTorre", "sangre": "PrimeraSangre", "value": 0}, {"gana": "PierdePartida", "nashors": "ConsigueBaron", "torre": "No_PrimeraTorre", "sangre": "No_PrimeraSangre", "value": 0}, {"gana": "PierdePartida", "nashors": "No_ConsigueBaron", "torre": "PrimeraTorre", "sangre": "PrimeraSangre", "value": 0}, {"gana": "PierdePartida", "nashors": "No_ConsigueBaron", "torre": "PrimeraTorre", "sangre": "No_PrimeraSangre", "value": 2}, {"gana": "PierdePartida", "nashors": "No_ConsigueBaron", "torre": "No_PrimeraTorre", "sangre": "PrimeraSangre", "value": 0}, {"gana": "PierdePartida", "nashors": "No_ConsigueBaron", "torre": "No_PrimeraTorre", "sangre": "No_PrimeraSangre", "value": 4}]}, {"seleccion": "G2 Esports_WORLDS", "ps": [{"gana": "GanaPartida", "nashors": "ConsigueBaron", "torre": "PrimeraTorre", "sangre": "PrimeraSangre", "value": 2}, {"gana": "GanaPartida", "nashors": "ConsigueBaron", "torre": "PrimeraTorre", "sangre": "No_PrimeraSangre", "value": 2}, {"gana": "GanaPartida", "nashors": "ConsigueBaron", "torre": "No_PrimeraTorre", "sangre": "PrimeraSangre", "value": 1}, {"gana": "GanaPartida", "nashors": "ConsigueBaron", "torre": "No_PrimeraTorre", "sangre": "No_PrimeraSangre", "value": 1}, {"gana": "GanaPartida", "nashors": "No_ConsigueBaron", "torre": "PrimeraTorre", "sangre": "PrimeraSangre", "value": 2}, {"gana": "GanaPartida", "nashors": "No_ConsigueBaron", "torre": "PrimeraTorre", "sangre": "No_PrimeraSangre", "value": 0}, {"gana": "GanaPartida", "nashors": "No_ConsigueBaron", "torre": "No_PrimeraTorre", "sangre": "PrimeraSangre", "value": 0}, {"gana": "GanaPartida", "nashors": "No_ConsigueBaron", "torre": "No_PrimeraTorre", "sangre": "No_PrimeraSangre", "value": 0}, {"gana": "PierdePartida", "nashors": "ConsigueBaron", "torre": "PrimeraTorre", "sangre": "PrimeraSangre", "value": 0}, {"gana": "PierdePartida", "nashors": "ConsigueBaron", "torre": "PrimeraTorre", "sangre": "No_PrimeraSangre", "value": 0}, {"gana": "PierdePartida", "nashors": "ConsigueBaron", "torre": "No_PrimeraTorre", "sangre": "PrimeraSangre", "value": 0}, {"gana": "PierdePartida", "nashors": "ConsigueBaron", "torre": "No_PrimeraTorre", "sangre": "No_PrimeraSangre", "value": 0}, {"gana": "PierdePartida", "nashors": "No_ConsigueBaron", "torre": "PrimeraTorre", "sangre": "PrimeraSangre", "value": 0}, {"gana": "PierdePartida", "nashors": "No_ConsigueBaron", "torre": "PrimeraTorre", "sangre": "No_PrimeraSangre", "value": 1}, {"gana": "PierdePartida", "nashors": "No_ConsigueBaron", "torre": "No_PrimeraTorre", "sangre": "PrimeraSangre", "value": 3}, {"gana": "PierdePartida", "nashors": "No_ConsigueBaron", "torre": "No_PrimeraTorre", "sangre": "No_PrimeraSangre", "value": 2}]}, {"seleccion": "Gen.G eSports_WORLDS", "ps": [{"gana": "GanaPartida", "nashors": "ConsigueBaron", "torre": "PrimeraTorre", "sangre": "PrimeraSangre", "value": 2}, {"gana": "GanaPartida", "nashors": "ConsigueBaron", "torre": "PrimeraTorre", "sangre": "No_PrimeraSangre", "value": 2}, {"gana": "GanaPartida", "nashors": "ConsigueBaron", "torre": "No_PrimeraTorre", "sangre": "PrimeraSangre", "value": 0}, {"gana": "GanaPartida", "nashors": "ConsigueBaron", "torre": "No_PrimeraTorre", "sangre": "No_PrimeraSangre", "value": 1}, {"gana": "GanaPartida", "nashors": "No_ConsigueBaron", "torre": "PrimeraTorre", "sangre": "PrimeraSangre", "value": 0}, {"gana": "GanaPartida", "nashors": "No_ConsigueBaron", "torre": "PrimeraTorre", "sangre": "No_PrimeraSangre", "value": 0}, {"gana": "GanaPartida", "nashors": "No_ConsigueBaron", "torre": "No_PrimeraTorre", "sangre": "PrimeraSangre", "value": 0}, {"gana": "GanaPartida", "nashors": "No_ConsigueBaron", "torre": "No_PrimeraTorre", "sangre": "No_PrimeraSangre", "value": 0}, {"gana": "PierdePartida", "nashors": "ConsigueBaron", "torre": "PrimeraTorre", "sangre": "PrimeraSangre", "value": 0}, {"gana": "PierdePartida", "nashors": "ConsigueBaron", "torre": "PrimeraTorre", "sangre": "No_PrimeraSangre", "value": 0}, {"gana": "PierdePartida", "nashors": "ConsigueBaron", "torre": "No_PrimeraTorre", "sangre": "PrimeraSangre", "value": 0}, {"gana": "PierdePartida", "nashors": "ConsigueBaron", "torre": "No_PrimeraTorre", "sangre": "No_PrimeraSangre", "value": 1}, {"gana": "PierdePartida", "nashors": "No_ConsigueBaron", "torre": "PrimeraTorre", "sangre": "PrimeraSangre", "value": 1}, {"gana": "PierdePartida", "nashors": "No_ConsigueBaron", "torre": "PrimeraTorre", "sangre": "No_PrimeraSangre", "value": 0}, {"gana": "PierdePartida", "nashors": "No_ConsigueBaron", "torre": "No_PrimeraTorre", "sangre": "PrimeraSangre", "value": 1}, {"gana": "PierdePartida", "nashors": "No_ConsigueBaron", "torre": "No_PrimeraTorre", "sangre": "No_PrimeraSangre", "value": 1}]}, {"seleccion": "Fnatic_WORLDS", "ps": [{"gana": "GanaPartida", "nashors": "ConsigueBaron", "torre": "PrimeraTorre", "sangre": "PrimeraSangre", "value": 3}, {"gana": "GanaPartida", "nashors": "ConsigueBaron", "torre": "PrimeraTorre", "sangre": "No_PrimeraSangre", "value": 0}, {"gana": "GanaPartida", "nashors": "ConsigueBaron", "torre": "No_PrimeraTorre", "sangre": "PrimeraSangre", "value": 1}, {"gana": "GanaPartida", "nashors": "ConsigueBaron", "torre": "No_PrimeraTorre", "sangre": "No_PrimeraSangre", "value": 0}, {"gana": "GanaPartida", "nashors": "No_ConsigueBaron", "torre": "PrimeraTorre", "sangre": "PrimeraSangre", "value": 2}, {"gana": "GanaPartida", "nashors": "No_ConsigueBaron", "torre": "PrimeraTorre", "sangre": "No_PrimeraSangre", "value": 0}, {"gana": "GanaPartida", "nashors": "No_ConsigueBaron", "torre": "No_PrimeraTorre", "sangre": "PrimeraSangre", "value": 0}, {"gana": "GanaPartida", "nashors": "No_ConsigueBaron", "torre": "No_PrimeraTorre", "sangre": "No_PrimeraSangre", "value": 0}, {"gana": "PierdePartida", "nashors": "ConsigueBaron", "torre": "PrimeraTorre", "sangre": "PrimeraSangre", "value": 0}, {"gana": "PierdePartida", "nashors": "ConsigueBaron", "torre": "PrimeraTorre", "sangre": "No_PrimeraSangre", "value": 0}, {"gana": "PierdePartida", "nashors": "ConsigueBaron", "torre": "No_PrimeraTorre", "sangre": "PrimeraSangre", "value": 0}, {"gana": "PierdePartida", "nashors": "ConsigueBaron", "torre": "No_PrimeraTorre", "sangre": "No_PrimeraSangre", "value": 0}, {"gana": "PierdePartida", "nashors": "No_ConsigueBaron", "torre": "PrimeraTorre", "sangre": "PrimeraSangre", "value": 2}, {"gana": "PierdePartida", "nashors": "No_ConsigueBaron", "torre": "PrimeraTorre", "sangre": "No_PrimeraSangre", "value": 0}, {"gana": "PierdePartida", "nashors": "No_ConsigueBaron", "torre": "No_PrimeraTorre", "sangre": "PrimeraSangre", "value": 1}, {"gana": "PierdePartida", "nashors": "No_ConsigueBaron", "torre": "No_PrimeraTorre", "sangre": "No_PrimeraSangre", "value": 2}]}, {"seleccion": "JD Gaming_WORLDS", "ps": [{"gana": "GanaPartida", "nashors": "ConsigueBaron", "torre": "PrimeraTorre", "sangre": "PrimeraSangre", "value": 1}, {"gana": "GanaPartida", "nashors": "ConsigueBaron", "torre": "PrimeraTorre", "sangre": "No_PrimeraSangre", "value": 0}, {"gana": "GanaPartida", "nashors": "ConsigueBaron", "torre": "No_PrimeraTorre", "sangre": "PrimeraSangre", "value": 1}, {"gana": "GanaPartida", "nashors": "ConsigueBaron", "torre": "No_PrimeraTorre", "sangre": "No_PrimeraSangre", "value": 2}, {"gana": "GanaPartida", "nashors": "No_ConsigueBaron", "torre": "PrimeraTorre", "sangre": "PrimeraSangre", "value": 1}, {"gana": "GanaPartida", "nashors": "No_ConsigueBaron", "torre": "PrimeraTorre", "sangre": "No_PrimeraSangre", "value": 0}, {"gana": "GanaPartida", "nashors": "No_ConsigueBaron", "torre": "No_PrimeraTorre", "sangre": "PrimeraSangre", "value": 0}, {"gana": "GanaPartida", "nashors": "No_ConsigueBaron", "torre": "No_PrimeraTorre", "sangre": "No_PrimeraSangre", "value": 0}, {"gana": "PierdePartida", "nashors": "ConsigueBaron", "torre": "PrimeraTorre", "sangre": "PrimeraSangre", "value": 0}, {"gana": "PierdePartida", "nashors": "ConsigueBaron", "torre": "PrimeraTorre", "sangre": "No_PrimeraSangre", "value": 0}, {"gana": "PierdePartida", "nashors": "ConsigueBaron", "torre": "No_PrimeraTorre", "sangre": "PrimeraSangre", "value": 0}, {"gana": "PierdePartida", "nashors": "ConsigueBaron", "torre": "No_PrimeraTorre", "sangre": "No_PrimeraSangre", "value": 1}, {"gana": "PierdePartida", "nashors": "No_ConsigueBaron", "torre": "PrimeraTorre", "sangre": "PrimeraSangre", "value": 1}, {"gana": "PierdePartida", "nashors": "No_ConsigueBaron", "torre": "PrimeraTorre", "sangre": "No_PrimeraSangre", "value": 1}, {"gana": "PierdePartida", "nashors": "No_ConsigueBaron", "torre": "No_PrimeraTorre", "sangre": "PrimeraSangre", "value": 0}, {"gana": "PierdePartida", "nashors": "No_ConsigueBaron", "torre": "No_PrimeraTorre", "sangre": "No_PrimeraSangre", "value": 2}]}, {"seleccion": "DragonX_WORLDS", "ps": [{"gana": "GanaPartida", "nashors": "ConsigueBaron", "torre": "PrimeraTorre", "sangre": "PrimeraSangre", "value": 1}, {"gana": "GanaPartida", "nashors": "ConsigueBaron", "torre": "PrimeraTorre", "sangre": "No_PrimeraSangre", "value": 1}, {"gana": "GanaPartida", "nashors": "ConsigueBaron", "torre": "No_PrimeraTorre", "sangre": "PrimeraSangre", "value": 1}, {"gana": "GanaPartida", "nashors": "ConsigueBaron", "torre": "No_PrimeraTorre", "sangre": "No_PrimeraSangre", "value": 0}, {"gana": "GanaPartida", "nashors": "No_ConsigueBaron", "torre": "PrimeraTorre", "sangre": "PrimeraSangre", "value": 0}, {"gana": "GanaPartida", "nashors": "No_ConsigueBaron", "torre": "PrimeraTorre", "sangre": "No_PrimeraSangre", "value": 0}, {"gana": "GanaPartida", "nashors": "No_ConsigueBaron", "torre": "No_PrimeraTorre", "sangre": "PrimeraSangre", "value": 0}, {"gana": "GanaPartida", "nashors": "No_ConsigueBaron", "torre": "No_PrimeraTorre", "sangre": "No_PrimeraSangre", "value": 1}, {"gana": "PierdePartida", "nashors": "ConsigueBaron", "torre": "PrimeraTorre", "sangre": "PrimeraSangre", "value": 0}, {"gana": "PierdePartida", "nashors": "ConsigueBaron", "torre": "PrimeraTorre", "sangre": "No_PrimeraSangre", "value": 0}, {"gana": "PierdePartida", "nashors": "ConsigueBaron", "torre": "No_PrimeraTorre", "sangre": "PrimeraSangre", "value": 0}, {"gana": "PierdePartida", "nashors": "ConsigueBaron", "torre": "No_PrimeraTorre", "sangre": "No_PrimeraSangre", "value": 0}, {"gana": "PierdePartida", "nashors": "No_ConsigueBaron", "torre": "PrimeraTorre", "sangre": "PrimeraSangre", "value": 3}, {"gana": "PierdePartida", "nashors": "No_ConsigueBaron", "torre": "PrimeraTorre", "sangre": "No_PrimeraSangre", "value": 1}, {"gana": "PierdePartida", "nashors": "No_ConsigueBaron", "torre": "No_PrimeraTorre", "sangre": "PrimeraSangre", "value": 0}, {"gana": "PierdePartida", "nashors": "No_ConsigueBaron", "torre": "No_PrimeraTorre", "sangre": "No_PrimeraSangre", "value": 1}]}, {"seleccion": "FlyQuest_WORLDS", "ps": [{"gana": "GanaPartida", "nashors": "ConsigueBaron", "torre": "PrimeraTorre", "sangre": "PrimeraSangre", "value": 2}, {"gana": "GanaPartida", "nashors": "ConsigueBaron", "torre": "PrimeraTorre", "sangre": "No_PrimeraSangre", "value": 1}, {"gana": "GanaPartida", "nashors": "ConsigueBaron", "torre": "No_PrimeraTorre", "sangre": "PrimeraSangre", "value": 0}, {"gana": "GanaPartida", "nashors": "ConsigueBaron", "torre": "No_PrimeraTorre", "sangre": "No_PrimeraSangre", "value": 0}, {"gana": "GanaPartida", "nashors": "No_ConsigueBaron", "torre": "PrimeraTorre", "sangre": "PrimeraSangre", "value": 0}, {"gana": "GanaPartida", "nashors": "No_ConsigueBaron", "torre": "PrimeraTorre", "sangre": "No_PrimeraSangre", "value": 0}, {"gana": "GanaPartida", "nashors": "No_ConsigueBaron", "torre": "No_PrimeraTorre", "sangre": "PrimeraSangre", "value": 0}, {"gana": "GanaPartida", "nashors": "No_ConsigueBaron", "torre": "No_PrimeraTorre", "sangre": "No_PrimeraSangre", "value": 0}, {"gana": "PierdePartida", "nashors": "ConsigueBaron", "torre": "PrimeraTorre", "sangre": "PrimeraSangre", "value": 0}, {"gana": "PierdePartida", "nashors": "ConsigueBaron", "torre": "PrimeraTorre", "sangre": "No_PrimeraSangre", "value": 0}, {"gana": "PierdePartida", "nashors": "ConsigueBaron", "torre": "No_PrimeraTorre", "sangre": "PrimeraSangre", "value": 0}, {"gana": "PierdePartida", "nashors": "ConsigueBaron", "torre": "No_PrimeraTorre", "sangre": "No_PrimeraSangre", "value": 0}, {"gana": "PierdePartida", "nashors": "No_ConsigueBaron", "torre": "PrimeraTorre", "sangre": "PrimeraSangre", "value": 0}, {"gana": "PierdePartida", "nashors": "No_ConsigueBaron", "torre": "PrimeraTorre", "sangre": "No_PrimeraSangre", "value": 0}, {"gana": "PierdePartida", "nashors": "No_ConsigueBaron", "torre": "No_PrimeraTorre", "sangre": "PrimeraSangre", "value": 1}, {"gana": "PierdePartida", "nashors": "No_ConsigueBaron", "torre": "No_PrimeraTorre", "sangre": "No_PrimeraSangre", "value": 2}]}, {"seleccion": "TSM_WORLDS", "ps": [{"gana": "GanaPartida", "nashors": "ConsigueBaron", "torre": "PrimeraTorre", "sangre": "PrimeraSangre", "value": 0}, {"gana": "GanaPartida", "nashors": "ConsigueBaron", "torre": "PrimeraTorre", "sangre": "No_PrimeraSangre", "value": 0}, {"gana": "GanaPartida", "nashors": "ConsigueBaron", "torre": "No_PrimeraTorre", "sangre": "PrimeraSangre", "value": 0}, {"gana": "GanaPartida", "nashors": "ConsigueBaron", "torre": "No_PrimeraTorre", "sangre": "No_PrimeraSangre", "value": 0}, {"gana": "GanaPartida", "nashors": "No_ConsigueBaron", "torre": "PrimeraTorre", "sangre": "PrimeraSangre", "value": 0}, {"gana": "GanaPartida", "nashors": "No_ConsigueBaron", "torre": "PrimeraTorre", "sangre": "No_PrimeraSangre", "value": 0}, {"gana": "GanaPartida", "nashors": "No_ConsigueBaron", "torre": "No_PrimeraTorre", "sangre": "PrimeraSangre", "value": 0}, {"gana": "GanaPartida", "nashors": "No_ConsigueBaron", "torre": "No_PrimeraTorre", "sangre": "No_PrimeraSangre", "value": 0}, {"gana": "PierdePartida", "nashors": "ConsigueBaron", "torre": "PrimeraTorre", "sangre": "PrimeraSangre", "value": 0}, {"gana": "PierdePartida", "nashors": "ConsigueBaron", "torre": "PrimeraTorre", "sangre": "No_PrimeraSangre", "value": 0}, {"gana": "PierdePartida", "nashors": "ConsigueBaron", "torre": "No_PrimeraTorre", "sangre": "PrimeraSangre", "value": 0}, {"gana": "PierdePartida", "nashors": "ConsigueBaron", "torre": "No_PrimeraTorre", "sangre": "No_PrimeraSangre", "value": 1}, {"gana": "PierdePartida", "nashors": "No_ConsigueBaron", "torre": "PrimeraTorre", "sangre": "PrimeraSangre", "value": 1}, {"gana": "PierdePartida", "nashors": "No_ConsigueBaron", "torre": "PrimeraTorre", "sangre": "No_PrimeraSangre", "value": 0}, {"gana": "PierdePartida", "nashors": "No_ConsigueBaron", "torre": "No_PrimeraTorre", "sangre": "PrimeraSangre", "value": 1}, {"gana": "PierdePartida", "nashors": "No_ConsigueBaron", "torre": "No_PrimeraTorre", "sangre": "No_PrimeraSangre", "value": 3}]}, {"seleccion": "Rogue_WORLDS", "ps": [{"gana": "GanaPartida", "nashors": "ConsigueBaron", "torre": "PrimeraTorre", "sangre": "PrimeraSangre", "value": 1}, {"gana": "GanaPartida", "nashors": "ConsigueBaron", "torre": "PrimeraTorre", "sangre": "No_PrimeraSangre", "value": 0}, {"gana": "GanaPartida", "nashors": "ConsigueBaron", "torre": "No_PrimeraTorre", "sangre": "PrimeraSangre", "value": 0}, {"gana": "GanaPartida", "nashors": "ConsigueBaron", "torre": "No_PrimeraTorre", "sangre": "No_PrimeraSangre", "value": 0}, {"gana": "GanaPartida", "nashors": "No_ConsigueBaron", "torre": "PrimeraTorre", "sangre": "PrimeraSangre", "value": 0}, {"gana": "GanaPartida", "nashors": "No_ConsigueBaron", "torre": "PrimeraTorre", "sangre": "No_PrimeraSangre", "value": 0}, {"gana": "GanaPartida", "nashors": "No_ConsigueBaron", "torre": "No_PrimeraTorre", "sangre": "PrimeraSangre", "value": 0}, {"gana": "GanaPartida", "nashors": "No_ConsigueBaron", "torre": "No_PrimeraTorre", "sangre": "No_PrimeraSangre", "value": 0}, {"gana": "PierdePartida", "nashors": "ConsigueBaron", "torre": "PrimeraTorre", "sangre": "PrimeraSangre", "value": 0}, {"gana": "PierdePartida", "nashors": "ConsigueBaron", "torre": "PrimeraTorre", "sangre": "No_PrimeraSangre", "value": 0}, {"gana": "PierdePartida", "nashors": "ConsigueBaron", "torre": "No_PrimeraTorre", "sangre": "PrimeraSangre", "value": 0}, {"gana": "PierdePartida", "nashors": "ConsigueBaron", "torre": "No_PrimeraTorre", "sangre": "No_PrimeraSangre", "value": 0}, {"gana": "PierdePartida", "nashors": "No_ConsigueBaron", "torre": "PrimeraTorre", "sangre": "PrimeraSangre", "value": 2}, {"gana": "PierdePartida", "nashors": "No_ConsigueBaron", "torre": "PrimeraTorre", "sangre": "No_PrimeraSangre", "value": 0}, {"gana": "PierdePartida", "nashors": "No_ConsigueBaron", "torre": "No_PrimeraTorre", "sangre": "PrimeraSangre", "value": 1}, {"gana": "PierdePartida", "nashors": "No_ConsigueBaron", "torre": "No_PrimeraTorre", "sangre": "No_PrimeraSangre", "value": 2}]}, {"seleccion": "Machi E-Sports_WORLDS", "ps": [{"gana": "GanaPartida", "nashors": "ConsigueBaron", "torre": "PrimeraTorre", "sangre": "PrimeraSangre", "value": 0}, {"gana": "GanaPartida", "nashors": "ConsigueBaron", "torre": "PrimeraTorre", "sangre": "No_PrimeraSangre", "value": 1}, {"gana": "GanaPartida", "nashors": "ConsigueBaron", "torre": "No_PrimeraTorre", "sangre": "PrimeraSangre", "value": 0}, {"gana": "GanaPartida", "nashors": "ConsigueBaron", "torre": "No_PrimeraTorre", "sangre": "No_PrimeraSangre", "value": 0}, {"gana": "GanaPartida", "nashors": "No_ConsigueBaron", "torre": "PrimeraTorre", "sangre": "PrimeraSangre", "value": 0}, {"gana": "GanaPartida", "nashors": "No_ConsigueBaron", "torre": "PrimeraTorre", "sangre": "No_PrimeraSangre", "value": 0}, {"gana": "GanaPartida", "nashors": "No_ConsigueBaron", "torre": "No_PrimeraTorre", "sangre": "PrimeraSangre", "value": 0}, {"gana": "GanaPartida", "nashors": "No_ConsigueBaron", "torre": "No_PrimeraTorre", "sangre": "No_PrimeraSangre", "value": 0}, {"gana": "PierdePartida", "nashors": "ConsigueBaron", "torre": "PrimeraTorre", "sangre": "PrimeraSangre", "value": 0}, {"gana": "PierdePartida", "nashors": "ConsigueBaron", "torre": "PrimeraTorre", "sangre": "No_PrimeraSangre", "value": 0}, {"gana": "PierdePartida", "nashors": "ConsigueBaron", "torre": "No_PrimeraTorre", "sangre": "PrimeraSangre", "value": 0}, {"gana": "PierdePartida", "nashors": "ConsigueBaron", "torre": "No_PrimeraTorre", "sangre": "No_PrimeraSangre", "value": 1}, {"gana": "PierdePartida", "nashors": "No_ConsigueBaron", "torre": "PrimeraTorre", "sangre": "PrimeraSangre", "value": 1}, {"gana": "PierdePartida", "nashors": "No_ConsigueBaron", "torre": "PrimeraTorre", "sangre": "No_PrimeraSangre", "value": 0}, {"gana": "PierdePartida", "nashors": "No_ConsigueBaron", "torre": "No_PrimeraTorre", "sangre": "PrimeraSangre", "value": 0}, {"gana": "PierdePartida", "nashors": "No_ConsigueBaron", "torre": "No_PrimeraTorre", "sangre": "No_PrimeraSangre", "value": 3}]}, {"seleccion": "LEC", "ps": [{"gana": "GanaPartida", "nashors": "ConsigueBaron", "torre": "PrimeraTorre", "sangre": "PrimeraSangre", "value": 85}, {"gana": "GanaPartida", "nashors": "ConsigueBaron", "torre": "PrimeraTorre", "sangre": "No_PrimeraSangre", "value": 50}, {"gana": "GanaPartida", "nashors": "ConsigueBaron", "torre": "No_PrimeraTorre", "sangre": "PrimeraSangre", "value": 43}, {"gana": "GanaPartida", "nashors": "ConsigueBaron", "torre": "No_PrimeraTorre", "sangre": "No_PrimeraSangre", "value": 32}, {"gana": "GanaPartida", "nashors": "No_ConsigueBaron", "torre": "PrimeraTorre", "sangre": "PrimeraSangre", "value": 14}, {"gana": "GanaPartida", "nashors": "No_ConsigueBaron", "torre": "PrimeraTorre", "sangre": "No_PrimeraSangre", "value": 4}, {"gana": "GanaPartida", "nashors": "No_ConsigueBaron", "torre": "No_PrimeraTorre", "sangre": "PrimeraSangre", "value": 7}, {"gana": "GanaPartida", "nashors": "No_ConsigueBaron", "torre": "No_PrimeraTorre", "sangre": "No_PrimeraSangre", "value": 4}, {"gana": "PierdePartida", "nashors": "ConsigueBaron", "torre": "PrimeraTorre", "sangre": "PrimeraSangre", "value": 7}, {"gana": "PierdePartida", "nashors": "ConsigueBaron", "torre": "PrimeraTorre", "sangre": "No_PrimeraSangre", "value": 5}, {"gana": "PierdePartida", "nashors": "ConsigueBaron", "torre": "No_PrimeraTorre", "sangre": "PrimeraSangre", "value": 9}, {"gana": "PierdePartida", "nashors": "ConsigueBaron", "torre": "No_PrimeraTorre", "sangre": "No_PrimeraSangre", "value": 16}, {"gana": "PierdePartida", "nashors": "No_ConsigueBaron", "torre": "PrimeraTorre", "sangre": "PrimeraSangre", "value": 29}, {"gana": "PierdePartida", "nashors": "No_ConsigueBaron", "torre": "PrimeraTorre", "sangre": "No_PrimeraSangre", "value": 44}, {"gana": "PierdePartida", "nashors": "No_ConsigueBaron", "torre": "No_PrimeraTorre", "sangre": "PrimeraSangre", "value": 45}, {"gana": "PierdePartida", "nashors": "No_ConsigueBaron", "torre": "No_PrimeraTorre", "sangre": "No_PrimeraSangre", "value": 84}]}, {"seleccion": "G2 Esports_LEC", "ps": [{"gana": "GanaPartida", "nashors": "ConsigueBaron", "torre": "PrimeraTorre", "sangre": "PrimeraSangre", "value": 9}, {"gana": "GanaPartida", "nashors": "ConsigueBaron", "torre": "PrimeraTorre", "sangre": "No_PrimeraSangre", "value": 9}, {"gana": "GanaPartida", "nashors": "ConsigueBaron", "torre": "No_PrimeraTorre", "sangre": "PrimeraSangre", "value": 10}, {"gana": "GanaPartida", "nashors": "ConsigueBaron", "torre": "No_PrimeraTorre", "sangre": "No_PrimeraSangre", "value": 7}, {"gana": "GanaPartida", "nashors": "No_ConsigueBaron", "torre": "PrimeraTorre", "sangre": "PrimeraSangre", "value": 7}, {"gana": "GanaPartida", "nashors": "No_ConsigueBaron", "torre": "PrimeraTorre", "sangre": "No_PrimeraSangre", "value": 0}, {"gana": "GanaPartida", "nashors": "No_ConsigueBaron", "torre": "No_PrimeraTorre", "sangre": "PrimeraSangre", "value": 4}, {"gana": "GanaPartida", "nashors": "No_ConsigueBaron", "torre": "No_PrimeraTorre", "sangre": "No_PrimeraSangre", "value": 1}, {"gana": "PierdePartida", "nashors": "ConsigueBaron", "torre": "PrimeraTorre", "sangre": "PrimeraSangre", "value": 0}, {"gana": "PierdePartida", "nashors": "ConsigueBaron", "torre": "PrimeraTorre", "sangre": "No_PrimeraSangre", "value": 1}, {"gana": "PierdePartida", "nashors": "ConsigueBaron", "torre": "No_PrimeraTorre", "sangre": "PrimeraSangre", "value": 0}, {"gana": "PierdePartida", "nashors": "ConsigueBaron", "torre": "No_PrimeraTorre", "sangre": "No_PrimeraSangre", "value": 1}, {"gana": "PierdePartida", "nashors": "No_ConsigueBaron", "torre": "PrimeraTorre", "sangre": "PrimeraSangre", "value": 4}, {"gana": "PierdePartida", "nashors": "No_ConsigueBaron", "torre": "PrimeraTorre", "sangre": "No_PrimeraSangre", "value": 2}, {"gana": "PierdePartida", "nashors": "No_ConsigueBaron", "torre": "No_PrimeraTorre", "sangre": "PrimeraSangre", "value": 6}, {"gana": "PierdePartida", "nashors": "No_ConsigueBaron", "torre": "No_PrimeraTorre", "sangre": "No_PrimeraSangre", "value": 6}]}, {"seleccion": "Fnatic_LEC", "ps": [{"gana": "GanaPartida", "nashors": "ConsigueBaron", "torre": "PrimeraTorre", "sangre": "PrimeraSangre", "value": 6}, {"gana": "GanaPartida", "nashors": "ConsigueBaron", "torre": "PrimeraTorre", "sangre": "No_PrimeraSangre", "value": 7}, {"gana": "GanaPartida", "nashors": "ConsigueBaron", "torre": "No_PrimeraTorre", "sangre": "PrimeraSangre", "value": 9}, {"gana": "GanaPartida", "nashors": "ConsigueBaron", "torre": "No_PrimeraTorre", "sangre": "No_PrimeraSangre", "value": 6}, {"gana": "GanaPartida", "nashors": "No_ConsigueBaron", "torre": "PrimeraTorre", "sangre": "PrimeraSangre", "value": 4}, {"gana": "GanaPartida", "nashors": "No_ConsigueBaron", "torre": "PrimeraTorre", "sangre": "No_PrimeraSangre", "value": 1}, {"gana": "GanaPartida", "nashors": "No_ConsigueBaron", "torre": "No_PrimeraTorre", "sangre": "PrimeraSangre", "value": 0}, {"gana": "GanaPartida", "nashors": "No_ConsigueBaron", "torre": "No_PrimeraTorre", "sangre": "No_PrimeraSangre", "value": 1}, {"gana": "PierdePartida", "nashors": "ConsigueBaron", "torre": "PrimeraTorre", "sangre": "PrimeraSangre", "value": 0}, {"gana": "PierdePartida", "nashors": "ConsigueBaron", "torre": "PrimeraTorre", "sangre": "No_PrimeraSangre", "value": 0}, {"gana": "PierdePartida", "nashors": "ConsigueBaron", "torre": "No_PrimeraTorre", "sangre": "PrimeraSangre", "value": 2}, {"gana": "PierdePartida", "nashors": "ConsigueBaron", "torre": "No_PrimeraTorre", "sangre": "No_PrimeraSangre", "value": 4}, {"gana": "PierdePartida", "nashors": "No_ConsigueBaron", "torre": "PrimeraTorre", "sangre": "PrimeraSangre", "value": 4}, {"gana": "PierdePartida", "nashors": "No_ConsigueBaron", "torre": "PrimeraTorre", "sangre": "No_PrimeraSangre", "value": 6}, {"gana": "PierdePartida", "nashors": "No_ConsigueBaron", "torre": "No_PrimeraTorre", "sangre": "PrimeraSangre", "value": 3}, {"gana": "PierdePartida", "nashors": "No_ConsigueBaron", "torre": "No_PrimeraTorre", "sangre": "No_PrimeraSangre", "value": 4}]}, {"seleccion": "Origen_LEC", "ps": [{"gana": "GanaPartida", "nashors": "ConsigueBaron", "torre": "PrimeraTorre", "sangre": "PrimeraSangre", "value": 8}, {"gana": "GanaPartida", "nashors": "ConsigueBaron", "torre": "PrimeraTorre", "sangre": "No_PrimeraSangre", "value": 4}, {"gana": "GanaPartida", "nashors": "ConsigueBaron", "torre": "No_PrimeraTorre", "sangre": "PrimeraSangre", "value": 4}, {"gana": "GanaPartida", "nashors": "ConsigueBaron", "torre": "No_PrimeraTorre", "sangre": "No_PrimeraSangre", "value": 6}, {"gana": "GanaPartida", "nashors": "No_ConsigueBaron", "torre": "PrimeraTorre", "sangre": "PrimeraSangre", "value": 1}, {"gana": "GanaPartida", "nashors": "No_ConsigueBaron", "torre": "PrimeraTorre", "sangre": "No_PrimeraSangre", "value": 0}, {"gana": "GanaPartida", "nashors": "No_ConsigueBaron", "torre": "No_PrimeraTorre", "sangre": "PrimeraSangre", "value": 1}, {"gana": "GanaPartida", "nashors": "No_ConsigueBaron", "torre": "No_PrimeraTorre", "sangre": "No_PrimeraSangre", "value": 0}, {"gana": "PierdePartida", "nashors": "ConsigueBaron", "torre": "PrimeraTorre", "sangre": "PrimeraSangre", "value": 0}, {"gana": "PierdePartida", "nashors": "ConsigueBaron", "torre": "PrimeraTorre", "sangre": "No_PrimeraSangre", "value": 0}, {"gana": "PierdePartida", "nashors": "ConsigueBaron", "torre": "No_PrimeraTorre", "sangre": "PrimeraSangre", "value": 2}, {"gana": "PierdePartida", "nashors": "ConsigueBaron", "torre": "No_PrimeraTorre", "sangre": "No_PrimeraSangre", "value": 2}, {"gana": "PierdePartida", "nashors": "No_ConsigueBaron", "torre": "PrimeraTorre", "sangre": "PrimeraSangre", "value": 3}, {"gana": "PierdePartida", "nashors": "No_ConsigueBaron", "torre": "PrimeraTorre", "sangre": "No_PrimeraSangre", "value": 3}, {"gana": "PierdePartida", "nashors": "No_ConsigueBaron", "torre": "No_PrimeraTorre", "sangre": "PrimeraSangre", "value": 5}, {"gana": "PierdePartida", "nashors": "No_ConsigueBaron", "torre": "No_PrimeraTorre", "sangre": "No_PrimeraSangre", "value": 9}]}, {"seleccion": "SK Gaming_LEC", "ps": [{"gana": "GanaPartida", "nashors": "ConsigueBaron", "torre": "PrimeraTorre", "sangre": "PrimeraSangre", "value": 6}, {"gana": "GanaPartida", "nashors": "ConsigueBaron", "torre": "PrimeraTorre", "sangre": "No_PrimeraSangre", "value": 2}, {"gana": "GanaPartida", "nashors": "ConsigueBaron", "torre": "No_PrimeraTorre", "sangre": "PrimeraSangre", "value": 3}, {"gana": "GanaPartida", "nashors": "ConsigueBaron", "torre": "No_PrimeraTorre", "sangre": "No_PrimeraSangre", "value": 2}, {"gana": "GanaPartida", "nashors": "No_ConsigueBaron", "torre": "PrimeraTorre", "sangre": "PrimeraSangre", "value": 0}, {"gana": "GanaPartida", "nashors": "No_ConsigueBaron", "torre": "PrimeraTorre", "sangre": "No_PrimeraSangre", "value": 0}, {"gana": "GanaPartida", "nashors": "No_ConsigueBaron", "torre": "No_PrimeraTorre", "sangre": "PrimeraSangre", "value": 0}, {"gana": "GanaPartida", "nashors": "No_ConsigueBaron", "torre": "No_PrimeraTorre", "sangre": "No_PrimeraSangre", "value": 0}, {"gana": "PierdePartida", "nashors": "ConsigueBaron", "torre": "PrimeraTorre", "sangre": "PrimeraSangre", "value": 0}, {"gana": "PierdePartida", "nashors": "ConsigueBaron", "torre": "PrimeraTorre", "sangre": "No_PrimeraSangre", "value": 2}, {"gana": "PierdePartida", "nashors": "ConsigueBaron", "torre": "No_PrimeraTorre", "sangre": "PrimeraSangre", "value": 0}, {"gana": "PierdePartida", "nashors": "ConsigueBaron", "torre": "No_PrimeraTorre", "sangre": "No_PrimeraSangre", "value": 2}, {"gana": "PierdePartida", "nashors": "No_ConsigueBaron", "torre": "PrimeraTorre", "sangre": "PrimeraSangre", "value": 1}, {"gana": "PierdePartida", "nashors": "No_ConsigueBaron", "torre": "PrimeraTorre", "sangre": "No_PrimeraSangre", "value": 3}, {"gana": "PierdePartida", "nashors": "No_ConsigueBaron", "torre": "No_PrimeraTorre", "sangre": "PrimeraSangre", "value": 8}, {"gana": "PierdePartida", "nashors": "No_ConsigueBaron", "torre": "No_PrimeraTorre", "sangre": "No_PrimeraSangre", "value": 10}]}, {"seleccion": "Rogue_LEC", "ps": [{"gana": "GanaPartida", "nashors": "ConsigueBaron", "torre": "PrimeraTorre", "sangre": "PrimeraSangre", "value": 20}, {"gana": "GanaPartida", "nashors": "ConsigueBaron", "torre": "PrimeraTorre", "sangre": "No_PrimeraSangre", "value": 6}, {"gana": "GanaPartida", "nashors": "ConsigueBaron", "torre": "No_PrimeraTorre", "sangre": "PrimeraSangre", "value": 1}, {"gana": "GanaPartida", "nashors": "ConsigueBaron", "torre": "No_PrimeraTorre", "sangre": "No_PrimeraSangre", "value": 1}, {"gana": "GanaPartida", "nashors": "No_ConsigueBaron", "torre": "PrimeraTorre", "sangre": "PrimeraSangre", "value": 0}, {"gana": "GanaPartida", "nashors": "No_ConsigueBaron", "torre": "PrimeraTorre", "sangre": "No_PrimeraSangre", "value": 2}, {"gana": "GanaPartida", "nashors": "No_ConsigueBaron", "torre": "No_PrimeraTorre", "sangre": "PrimeraSangre", "value": 1}, {"gana": "GanaPartida", "nashors": "No_ConsigueBaron", "torre": "No_PrimeraTorre", "sangre": "No_PrimeraSangre", "value": 0}, {"gana": "PierdePartida", "nashors": "ConsigueBaron", "torre": "PrimeraTorre", "sangre": "PrimeraSangre", "value": 1}, {"gana": "PierdePartida", "nashors": "ConsigueBaron", "torre": "PrimeraTorre", "sangre": "No_PrimeraSangre", "value": 1}, {"gana": "PierdePartida", "nashors": "ConsigueBaron", "torre": "No_PrimeraTorre", "sangre": "PrimeraSangre", "value": 0}, {"gana": "PierdePartida", "nashors": "ConsigueBaron", "torre": "No_PrimeraTorre", "sangre": "No_PrimeraSangre", "value": 0}, {"gana": "PierdePartida", "nashors": "No_ConsigueBaron", "torre": "PrimeraTorre", "sangre": "PrimeraSangre", "value": 4}, {"gana": "PierdePartida", "nashors": "No_ConsigueBaron", "torre": "PrimeraTorre", "sangre": "No_PrimeraSangre", "value": 6}, {"gana": "PierdePartida", "nashors": "No_ConsigueBaron", "torre": "No_PrimeraTorre", "sangre": "PrimeraSangre", "value": 3}, {"gana": "PierdePartida", "nashors": "No_ConsigueBaron", "torre": "No_PrimeraTorre", "sangre": "No_PrimeraSangre", "value": 8}]}, {"seleccion": "Excel Esports_LEC", "ps": [{"gana": "GanaPartida", "nashors": "ConsigueBaron", "torre": "PrimeraTorre", "sangre": "PrimeraSangre", "value": 6}, {"gana": "GanaPartida", "nashors": "ConsigueBaron", "torre": "PrimeraTorre", "sangre": "No_PrimeraSangre", "value": 4}, {"gana": "GanaPartida", "nashors": "ConsigueBaron", "torre": "No_PrimeraTorre", "sangre": "PrimeraSangre", "value": 2}, {"gana": "GanaPartida", "nashors": "ConsigueBaron", "torre": "No_PrimeraTorre", "sangre": "No_PrimeraSangre", "value": 1}, {"gana": "GanaPartida", "nashors": "No_ConsigueBaron", "torre": "PrimeraTorre", "sangre": "PrimeraSangre", "value": 0}, {"gana": "GanaPartida", "nashors": "No_ConsigueBaron", "torre": "PrimeraTorre", "sangre": "No_PrimeraSangre", "value": 1}, {"gana": "GanaPartida", "nashors": "No_ConsigueBaron", "torre": "No_PrimeraTorre", "sangre": "PrimeraSangre", "value": 0}, {"gana": "GanaPartida", "nashors": "No_ConsigueBaron", "torre": "No_PrimeraTorre", "sangre": "No_PrimeraSangre", "value": 1}, {"gana": "PierdePartida", "nashors": "ConsigueBaron", "torre": "PrimeraTorre", "sangre": "PrimeraSangre", "value": 1}, {"gana": "PierdePartida", "nashors": "ConsigueBaron", "torre": "PrimeraTorre", "sangre": "No_PrimeraSangre", "value": 0}, {"gana": "PierdePartida", "nashors": "ConsigueBaron", "torre": "No_PrimeraTorre", "sangre": "PrimeraSangre", "value": 1}, {"gana": "PierdePartida", "nashors": "ConsigueBaron", "torre": "No_PrimeraTorre", "sangre": "No_PrimeraSangre", "value": 0}, {"gana": "PierdePartida", "nashors": "No_ConsigueBaron", "torre": "PrimeraTorre", "sangre": "PrimeraSangre", "value": 3}, {"gana": "PierdePartida", "nashors": "No_ConsigueBaron", "torre": "PrimeraTorre", "sangre": "No_PrimeraSangre", "value": 7}, {"gana": "PierdePartida", "nashors": "No_ConsigueBaron", "torre": "No_PrimeraTorre", "sangre": "PrimeraSangre", "value": 2}, {"gana": "PierdePartida", "nashors": "No_ConsigueBaron", "torre": "No_PrimeraTorre", "sangre": "No_PrimeraSangre", "value": 7}]}, {"seleccion": "Misfits Gaming_LEC", "ps": [{"gana": "GanaPartida", "nashors": "ConsigueBaron", "torre": "PrimeraTorre", "sangre": "PrimeraSangre", "value": 7}, {"gana": "GanaPartida", "nashors": "ConsigueBaron", "torre": "PrimeraTorre", "sangre": "No_PrimeraSangre", "value": 5}, {"gana": "GanaPartida", "nashors": "ConsigueBaron", "torre": "No_PrimeraTorre", "sangre": "PrimeraSangre", "value": 3}, {"gana": "GanaPartida", "nashors": "ConsigueBaron", "torre": "No_PrimeraTorre", "sangre": "No_PrimeraSangre", "value": 3}, {"gana": "GanaPartida", "nashors": "No_ConsigueBaron", "torre": "PrimeraTorre", "sangre": "PrimeraSangre", "value": 0}, {"gana": "GanaPartida", "nashors": "No_ConsigueBaron", "torre": "PrimeraTorre", "sangre": "No_PrimeraSangre", "value": 0}, {"gana": "GanaPartida", "nashors": "No_ConsigueBaron", "torre": "No_PrimeraTorre", "sangre": "PrimeraSangre", "value": 0}, {"gana": "GanaPartida", "nashors": "No_ConsigueBaron", "torre": "No_PrimeraTorre", "sangre": "No_PrimeraSangre", "value": 0}, {"gana": "PierdePartida", "nashors": "ConsigueBaron", "torre": "PrimeraTorre", "sangre": "PrimeraSangre", "value": 2}, {"gana": "PierdePartida", "nashors": "ConsigueBaron", "torre": "PrimeraTorre", "sangre": "No_PrimeraSangre", "value": 0}, {"gana": "PierdePartida", "nashors": "ConsigueBaron", "torre": "No_PrimeraTorre", "sangre": "PrimeraSangre", "value": 1}, {"gana": "PierdePartida", "nashors": "ConsigueBaron", "torre": "No_PrimeraTorre", "sangre": "No_PrimeraSangre", "value": 2}, {"gana": "PierdePartida", "nashors": "No_ConsigueBaron", "torre": "PrimeraTorre", "sangre": "PrimeraSangre", "value": 0}, {"gana": "PierdePartida", "nashors": "No_ConsigueBaron", "torre": "PrimeraTorre", "sangre": "No_PrimeraSangre", "value": 2}, {"gana": "PierdePartida", "nashors": "No_ConsigueBaron", "torre": "No_PrimeraTorre", "sangre": "PrimeraSangre", "value": 6}, {"gana": "PierdePartida", "nashors": "No_ConsigueBaron", "torre": "No_PrimeraTorre", "sangre": "No_PrimeraSangre", "value": 9}]}, {"seleccion": "FC Schalke 04_LEC", "ps": [{"gana": "GanaPartida", "nashors": "ConsigueBaron", "torre": "PrimeraTorre", "sangre": "PrimeraSangre", "value": 5}, {"gana": "GanaPartida", "nashors": "ConsigueBaron", "torre": "PrimeraTorre", "sangre": "No_PrimeraSangre", "value": 4}, {"gana": "GanaPartida", "nashors": "ConsigueBaron", "torre": "No_PrimeraTorre", "sangre": "PrimeraSangre", "value": 6}, {"gana": "GanaPartida", "nashors": "ConsigueBaron", "torre": "No_PrimeraTorre", "sangre": "No_PrimeraSangre", "value": 1}, {"gana": "GanaPartida", "nashors": "No_ConsigueBaron", "torre": "PrimeraTorre", "sangre": "PrimeraSangre", "value": 0}, {"gana": "GanaPartida", "nashors": "No_ConsigueBaron", "torre": "PrimeraTorre", "sangre": "No_PrimeraSangre", "value": 0}, {"gana": "GanaPartida", "nashors": "No_ConsigueBaron", "torre": "No_PrimeraTorre", "sangre": "PrimeraSangre", "value": 1}, {"gana": "GanaPartida", "nashors": "No_ConsigueBaron", "torre": "No_PrimeraTorre", "sangre": "No_PrimeraSangre", "value": 1}, {"gana": "PierdePartida", "nashors": "ConsigueBaron", "torre": "PrimeraTorre", "sangre": "PrimeraSangre", "value": 2}, {"gana": "PierdePartida", "nashors": "ConsigueBaron", "torre": "PrimeraTorre", "sangre": "No_PrimeraSangre", "value": 0}, {"gana": "PierdePartida", "nashors": "ConsigueBaron", "torre": "No_PrimeraTorre", "sangre": "PrimeraSangre", "value": 0}, {"gana": "PierdePartida", "nashors": "ConsigueBaron", "torre": "No_PrimeraTorre", "sangre": "No_PrimeraSangre", "value": 1}, {"gana": "PierdePartida", "nashors": "No_ConsigueBaron", "torre": "PrimeraTorre", "sangre": "PrimeraSangre", "value": 2}, {"gana": "PierdePartida", "nashors": "No_ConsigueBaron", "torre": "PrimeraTorre", "sangre": "No_PrimeraSangre", "value": 5}, {"gana": "PierdePartida", "nashors": "No_ConsigueBaron", "torre": "No_PrimeraTorre", "sangre": "PrimeraSangre", "value": 4}, {"gana": "PierdePartida", "nashors": "No_ConsigueBaron", "torre": "No_PrimeraTorre", "sangre": "No_PrimeraSangre", "value": 11}]}, {"seleccion": "MAD Lions_LEC", "ps": [{"gana": "GanaPartida", "nashors": "ConsigueBaron", "torre": "PrimeraTorre", "sangre": "PrimeraSangre", "value": 13}, {"gana": "GanaPartida", "nashors": "ConsigueBaron", "torre": "PrimeraTorre", "sangre": "No_PrimeraSangre", "value": 7}, {"gana": "GanaPartida", "nashors": "ConsigueBaron", "torre": "No_PrimeraTorre", "sangre": "PrimeraSangre", "value": 3}, {"gana": "GanaPartida", "nashors": "ConsigueBaron", "torre": "No_PrimeraTorre", "sangre": "No_PrimeraSangre", "value": 5}, {"gana": "GanaPartida", "nashors": "No_ConsigueBaron", "torre": "PrimeraTorre", "sangre": "PrimeraSangre", "value": 2}, {"gana": "GanaPartida", "nashors": "No_ConsigueBaron", "torre": "PrimeraTorre", "sangre": "No_PrimeraSangre", "value": 0}, {"gana": "GanaPartida", "nashors": "No_ConsigueBaron", "torre": "No_PrimeraTorre", "sangre": "PrimeraSangre", "value": 0}, {"gana": "GanaPartida", "nashors": "No_ConsigueBaron", "torre": "No_PrimeraTorre", "sangre": "No_PrimeraSangre", "value": 0}, {"gana": "PierdePartida", "nashors": "ConsigueBaron", "torre": "PrimeraTorre", "sangre": "PrimeraSangre", "value": 0}, {"gana": "PierdePartida", "nashors": "ConsigueBaron", "torre": "PrimeraTorre", "sangre": "No_PrimeraSangre", "value": 0}, {"gana": "PierdePartida", "nashors": "ConsigueBaron", "torre": "No_PrimeraTorre", "sangre": "PrimeraSangre", "value": 1}, {"gana": "PierdePartida", "nashors": "ConsigueBaron", "torre": "No_PrimeraTorre", "sangre": "No_PrimeraSangre", "value": 1}, {"gana": "PierdePartida", "nashors": "No_ConsigueBaron", "torre": "PrimeraTorre", "sangre": "PrimeraSangre", "value": 5}, {"gana": "PierdePartida", "nashors": "No_ConsigueBaron", "torre": "PrimeraTorre", "sangre": "No_PrimeraSangre", "value": 5}, {"gana": "PierdePartida", "nashors": "No_ConsigueBaron", "torre": "No_PrimeraTorre", "sangre": "PrimeraSangre", "value": 4}, {"gana": "PierdePartida", "nashors": "No_ConsigueBaron", "torre": "No_PrimeraTorre", "sangre": "No_PrimeraSangre", "value": 12}]}, {"seleccion": "Team Vitality_LEC", "ps": [{"gana": "GanaPartida", "nashors": "ConsigueBaron", "torre": "PrimeraTorre", "sangre": "PrimeraSangre", "value": 5}, {"gana": "GanaPartida", "nashors": "ConsigueBaron", "torre": "PrimeraTorre", "sangre": "No_PrimeraSangre", "value": 2}, {"gana": "GanaPartida", "nashors": "ConsigueBaron", "torre": "No_PrimeraTorre", "sangre": "PrimeraSangre", "value": 2}, {"gana": "GanaPartida", "nashors": "ConsigueBaron", "torre": "No_PrimeraTorre", "sangre": "No_PrimeraSangre", "value": 0}, {"gana": "GanaPartida", "nashors": "No_ConsigueBaron", "torre": "PrimeraTorre", "sangre": "PrimeraSangre", "value": 0}, {"gana": "GanaPartida", "nashors": "No_ConsigueBaron", "torre": "PrimeraTorre", "sangre": "No_PrimeraSangre", "value": 0}, {"gana": "GanaPartida", "nashors": "No_ConsigueBaron", "torre": "No_PrimeraTorre", "sangre": "PrimeraSangre", "value": 0}, {"gana": "GanaPartida", "nashors": "No_ConsigueBaron", "torre": "No_PrimeraTorre", "sangre": "No_PrimeraSangre", "value": 0}, {"gana": "PierdePartida", "nashors": "ConsigueBaron", "torre": "PrimeraTorre", "sangre": "PrimeraSangre", "value": 1}, {"gana": "PierdePartida", "nashors": "ConsigueBaron", "torre": "PrimeraTorre", "sangre": "No_PrimeraSangre", "value": 1}, {"gana": "PierdePartida", "nashors": "ConsigueBaron", "torre": "No_PrimeraTorre", "sangre": "PrimeraSangre", "value": 2}, {"gana": "PierdePartida", "nashors": "ConsigueBaron", "torre": "No_PrimeraTorre", "sangre": "No_PrimeraSangre", "value": 3}, {"gana": "PierdePartida", "nashors": "No_ConsigueBaron", "torre": "PrimeraTorre", "sangre": "PrimeraSangre", "value": 3}, {"gana": "PierdePartida", "nashors": "No_ConsigueBaron", "torre": "PrimeraTorre", "sangre": "No_PrimeraSangre", "value": 5}, {"gana": "PierdePartida", "nashors": "No_ConsigueBaron", "torre": "No_PrimeraTorre", "sangre": "PrimeraSangre", "value": 4}, {"gana": "PierdePartida", "nashors": "No_ConsigueBaron", "torre": "No_PrimeraTorre", "sangre": "No_PrimeraSangre", "value": 8}]}, {"seleccion": "LCS", "ps": [{"gana": "GanaPartida", "nashors": "ConsigueBaron", "torre": "PrimeraTorre", "sangre": "PrimeraSangre", "value": 98}, {"gana": "GanaPartida", "nashors": "ConsigueBaron", "torre": "PrimeraTorre", "sangre": "No_PrimeraSangre", "value": 51}, {"gana": "GanaPartida", "nashors": "ConsigueBaron", "torre": "No_PrimeraTorre", "sangre": "PrimeraSangre", "value": 40}, {"gana": "GanaPartida", "nashors": "ConsigueBaron", "torre": "No_PrimeraTorre", "sangre": "No_PrimeraSangre", "value": 42}, {"gana": "GanaPartida", "nashors": "No_ConsigueBaron", "torre": "PrimeraTorre", "sangre": "PrimeraSangre", "value": 15}, {"gana": "GanaPartida", "nashors": "No_ConsigueBaron", "torre": "PrimeraTorre", "sangre": "No_PrimeraSangre", "value": 7}, {"gana": "GanaPartida", "nashors": "No_ConsigueBaron", "torre": "No_PrimeraTorre", "sangre": "PrimeraSangre", "value": 4}, {"gana": "GanaPartida", "nashors": "No_ConsigueBaron", "torre": "No_PrimeraTorre", "sangre": "No_PrimeraSangre", "value": 4}, {"gana": "PierdePartida", "nashors": "ConsigueBaron", "torre": "PrimeraTorre", "sangre": "PrimeraSangre", "value": 10}, {"gana": "PierdePartida", "nashors": "ConsigueBaron", "torre": "PrimeraTorre", "sangre": "No_PrimeraSangre", "value": 9}, {"gana": "PierdePartida", "nashors": "ConsigueBaron", "torre": "No_PrimeraTorre", "sangre": "PrimeraSangre", "value": 9}, {"gana": "PierdePartida", "nashors": "ConsigueBaron", "torre": "No_PrimeraTorre", "sangre": "No_PrimeraSangre", "value": 10}, {"gana": "PierdePartida", "nashors": "No_ConsigueBaron", "torre": "PrimeraTorre", "sangre": "PrimeraSangre", "value": 36}, {"gana": "PierdePartida", "nashors": "No_ConsigueBaron", "torre": "PrimeraTorre", "sangre": "No_PrimeraSangre", "value": 35}, {"gana": "PierdePartida", "nashors": "No_ConsigueBaron", "torre": "No_PrimeraTorre", "sangre": "PrimeraSangre", "value": 49}, {"gana": "PierdePartida", "nashors": "No_ConsigueBaron", "torre": "No_PrimeraTorre", "sangre": "No_PrimeraSangre", "value": 103}]}, {"seleccion": "Evil Geniuses_LCS", "ps": [{"gana": "GanaPartida", "nashors": "ConsigueBaron", "torre": "PrimeraTorre", "sangre": "PrimeraSangre", "value": 7}, {"gana": "GanaPartida", "nashors": "ConsigueBaron", "torre": "PrimeraTorre", "sangre": "No_PrimeraSangre", "value": 3}, {"gana": "GanaPartida", "nashors": "ConsigueBaron", "torre": "No_PrimeraTorre", "sangre": "PrimeraSangre", "value": 5}, {"gana": "GanaPartida", "nashors": "ConsigueBaron", "torre": "No_PrimeraTorre", "sangre": "No_PrimeraSangre", "value": 7}, {"gana": "GanaPartida", "nashors": "No_ConsigueBaron", "torre": "PrimeraTorre", "sangre": "PrimeraSangre", "value": 5}, {"gana": "GanaPartida", "nashors": "No_ConsigueBaron", "torre": "PrimeraTorre", "sangre": "No_PrimeraSangre", "value": 0}, {"gana": "GanaPartida", "nashors": "No_ConsigueBaron", "torre": "No_PrimeraTorre", "sangre": "PrimeraSangre", "value": 0}, {"gana": "GanaPartida", "nashors": "No_ConsigueBaron", "torre": "No_PrimeraTorre", "sangre": "No_PrimeraSangre", "value": 0}, {"gana": "PierdePartida", "nashors": "ConsigueBaron", "torre": "PrimeraTorre", "sangre": "PrimeraSangre", "value": 3}, {"gana": "PierdePartida", "nashors": "ConsigueBaron", "torre": "PrimeraTorre", "sangre": "No_PrimeraSangre", "value": 2}, {"gana": "PierdePartida", "nashors": "ConsigueBaron", "torre": "No_PrimeraTorre", "sangre": "PrimeraSangre", "value": 1}, {"gana": "PierdePartida", "nashors": "ConsigueBaron", "torre": "No_PrimeraTorre", "sangre": "No_PrimeraSangre", "value": 0}, {"gana": "PierdePartida", "nashors": "No_ConsigueBaron", "torre": "PrimeraTorre", "sangre": "PrimeraSangre", "value": 3}, {"gana": "PierdePartida", "nashors": "No_ConsigueBaron", "torre": "PrimeraTorre", "sangre": "No_PrimeraSangre", "value": 2}, {"gana": "PierdePartida", "nashors": "No_ConsigueBaron", "torre": "No_PrimeraTorre", "sangre": "PrimeraSangre", "value": 4}, {"gana": "PierdePartida", "nashors": "No_ConsigueBaron", "torre": "No_PrimeraTorre", "sangre": "No_PrimeraSangre", "value": 16}]}, {"seleccion": "Golden Guardians_LCS", "ps": [{"gana": "GanaPartida", "nashors": "ConsigueBaron", "torre": "PrimeraTorre", "sangre": "PrimeraSangre", "value": 8}, {"gana": "GanaPartida", "nashors": "ConsigueBaron", "torre": "PrimeraTorre", "sangre": "No_PrimeraSangre", "value": 5}, {"gana": "GanaPartida", "nashors": "ConsigueBaron", "torre": "No_PrimeraTorre", "sangre": "PrimeraSangre", "value": 4}, {"gana": "GanaPartida", "nashors": "ConsigueBaron", "torre": "No_PrimeraTorre", "sangre": "No_PrimeraSangre", "value": 3}, {"gana": "GanaPartida", "nashors": "No_ConsigueBaron", "torre": "PrimeraTorre", "sangre": "PrimeraSangre", "value": 2}, {"gana": "GanaPartida", "nashors": "No_ConsigueBaron", "torre": "PrimeraTorre", "sangre": "No_PrimeraSangre", "value": 0}, {"gana": "GanaPartida", "nashors": "No_ConsigueBaron", "torre": "No_PrimeraTorre", "sangre": "PrimeraSangre", "value": 0}, {"gana": "GanaPartida", "nashors": "No_ConsigueBaron", "torre": "No_PrimeraTorre", "sangre": "No_PrimeraSangre", "value": 1}, {"gana": "PierdePartida", "nashors": "ConsigueBaron", "torre": "PrimeraTorre", "sangre": "PrimeraSangre", "value": 1}, {"gana": "PierdePartida", "nashors": "ConsigueBaron", "torre": "PrimeraTorre", "sangre": "No_PrimeraSangre", "value": 0}, {"gana": "PierdePartida", "nashors": "ConsigueBaron", "torre": "No_PrimeraTorre", "sangre": "PrimeraSangre", "value": 2}, {"gana": "PierdePartida", "nashors": "ConsigueBaron", "torre": "No_PrimeraTorre", "sangre": "No_PrimeraSangre", "value": 1}, {"gana": "PierdePartida", "nashors": "No_ConsigueBaron", "torre": "PrimeraTorre", "sangre": "PrimeraSangre", "value": 4}, {"gana": "PierdePartida", "nashors": "No_ConsigueBaron", "torre": "PrimeraTorre", "sangre": "No_PrimeraSangre", "value": 4}, {"gana": "PierdePartida", "nashors": "No_ConsigueBaron", "torre": "No_PrimeraTorre", "sangre": "PrimeraSangre", "value": 3}, {"gana": "PierdePartida", "nashors": "No_ConsigueBaron", "torre": "No_PrimeraTorre", "sangre": "No_PrimeraSangre", "value": 13}]}, {"seleccion": "100 Thieves_LCS", "ps": [{"gana": "GanaPartida", "nashors": "ConsigueBaron", "torre": "PrimeraTorre", "sangre": "PrimeraSangre", "value": 10}, {"gana": "GanaPartida", "nashors": "ConsigueBaron", "torre": "PrimeraTorre", "sangre": "No_PrimeraSangre", "value": 3}, {"gana": "GanaPartida", "nashors": "ConsigueBaron", "torre": "No_PrimeraTorre", "sangre": "PrimeraSangre", "value": 0}, {"gana": "GanaPartida", "nashors": "ConsigueBaron", "torre": "No_PrimeraTorre", "sangre": "No_PrimeraSangre", "value": 4}, {"gana": "GanaPartida", "nashors": "No_ConsigueBaron", "torre": "PrimeraTorre", "sangre": "PrimeraSangre", "value": 2}, {"gana": "GanaPartida", "nashors": "No_ConsigueBaron", "torre": "PrimeraTorre", "sangre": "No_PrimeraSangre", "value": 0}, {"gana": "GanaPartida", "nashors": "No_ConsigueBaron", "torre": "No_PrimeraTorre", "sangre": "PrimeraSangre", "value": 1}, {"gana": "GanaPartida", "nashors": "No_ConsigueBaron", "torre": "No_PrimeraTorre", "sangre": "No_PrimeraSangre", "value": 0}, {"gana": "PierdePartida", "nashors": "ConsigueBaron", "torre": "PrimeraTorre", "sangre": "PrimeraSangre", "value": 0}, {"gana": "PierdePartida", "nashors": "ConsigueBaron", "torre": "PrimeraTorre", "sangre": "No_PrimeraSangre", "value": 1}, {"gana": "PierdePartida", "nashors": "ConsigueBaron", "torre": "No_PrimeraTorre", "sangre": "PrimeraSangre", "value": 1}, {"gana": "PierdePartida", "nashors": "ConsigueBaron", "torre": "No_PrimeraTorre", "sangre": "No_PrimeraSangre", "value": 2}, {"gana": "PierdePartida", "nashors": "No_ConsigueBaron", "torre": "PrimeraTorre", "sangre": "PrimeraSangre", "value": 2}, {"gana": "PierdePartida", "nashors": "No_ConsigueBaron", "torre": "PrimeraTorre", "sangre": "No_PrimeraSangre", "value": 7}, {"gana": "PierdePartida", "nashors": "No_ConsigueBaron", "torre": "No_PrimeraTorre", "sangre": "PrimeraSangre", "value": 5}, {"gana": "PierdePartida", "nashors": "No_ConsigueBaron", "torre": "No_PrimeraTorre", "sangre": "No_PrimeraSangre", "value": 10}]}, {"seleccion": "Dignitas_LCS", "ps": [{"gana": "GanaPartida", "nashors": "ConsigueBaron", "torre": "PrimeraTorre", "sangre": "PrimeraSangre", "value": 3}, {"gana": "GanaPartida", "nashors": "ConsigueBaron", "torre": "PrimeraTorre", "sangre": "No_PrimeraSangre", "value": 3}, {"gana": "GanaPartida", "nashors": "ConsigueBaron", "torre": "No_PrimeraTorre", "sangre": "PrimeraSangre", "value": 3}, {"gana": "GanaPartida", "nashors": "ConsigueBaron", "torre": "No_PrimeraTorre", "sangre": "No_PrimeraSangre", "value": 3}, {"gana": "GanaPartida", "nashors": "No_ConsigueBaron", "torre": "PrimeraTorre", "sangre": "PrimeraSangre", "value": 1}, {"gana": "GanaPartida", "nashors": "No_ConsigueBaron", "torre": "PrimeraTorre", "sangre": "No_PrimeraSangre", "value": 1}, {"gana": "GanaPartida", "nashors": "No_ConsigueBaron", "torre": "No_PrimeraTorre", "sangre": "PrimeraSangre", "value": 1}, {"gana": "GanaPartida", "nashors": "No_ConsigueBaron", "torre": "No_PrimeraTorre", "sangre": "No_PrimeraSangre", "value": 0}, {"gana": "PierdePartida", "nashors": "ConsigueBaron", "torre": "PrimeraTorre", "sangre": "PrimeraSangre", "value": 1}, {"gana": "PierdePartida", "nashors": "ConsigueBaron", "torre": "PrimeraTorre", "sangre": "No_PrimeraSangre", "value": 1}, {"gana": "PierdePartida", "nashors": "ConsigueBaron", "torre": "No_PrimeraTorre", "sangre": "PrimeraSangre", "value": 1}, {"gana": "PierdePartida", "nashors": "ConsigueBaron", "torre": "No_PrimeraTorre", "sangre": "No_PrimeraSangre", "value": 0}, {"gana": "PierdePartida", "nashors": "No_ConsigueBaron", "torre": "PrimeraTorre", "sangre": "PrimeraSangre", "value": 4}, {"gana": "PierdePartida", "nashors": "No_ConsigueBaron", "torre": "PrimeraTorre", "sangre": "No_PrimeraSangre", "value": 3}, {"gana": "PierdePartida", "nashors": "No_ConsigueBaron", "torre": "No_PrimeraTorre", "sangre": "PrimeraSangre", "value": 6}, {"gana": "PierdePartida", "nashors": "No_ConsigueBaron", "torre": "No_PrimeraTorre", "sangre": "No_PrimeraSangre", "value": 11}]}, {"seleccion": "Team Liquid_LCS", "ps": [{"gana": "GanaPartida", "nashors": "ConsigueBaron", "torre": "PrimeraTorre", "sangre": "PrimeraSangre", "value": 12}, {"gana": "GanaPartida", "nashors": "ConsigueBaron", "torre": "PrimeraTorre", "sangre": "No_PrimeraSangre", "value": 9}, {"gana": "GanaPartida", "nashors": "ConsigueBaron", "torre": "No_PrimeraTorre", "sangre": "PrimeraSangre", "value": 2}, {"gana": "GanaPartida", "nashors": "ConsigueBaron", "torre": "No_PrimeraTorre", "sangre": "No_PrimeraSangre", "value": 6}, {"gana": "GanaPartida", "nashors": "No_ConsigueBaron", "torre": "PrimeraTorre", "sangre": "PrimeraSangre", "value": 0}, {"gana": "GanaPartida", "nashors": "No_ConsigueBaron", "torre": "PrimeraTorre", "sangre": "No_PrimeraSangre", "value": 0}, {"gana": "GanaPartida", "nashors": "No_ConsigueBaron", "torre": "No_PrimeraTorre", "sangre": "PrimeraSangre", "value": 0}, {"gana": "GanaPartida", "nashors": "No_ConsigueBaron", "torre": "No_PrimeraTorre", "sangre": "No_PrimeraSangre", "value": 0}, {"gana": "PierdePartida", "nashors": "ConsigueBaron", "torre": "PrimeraTorre", "sangre": "PrimeraSangre", "value": 0}, {"gana": "PierdePartida", "nashors": "ConsigueBaron", "torre": "PrimeraTorre", "sangre": "No_PrimeraSangre", "value": 1}, {"gana": "PierdePartida", "nashors": "ConsigueBaron", "torre": "No_PrimeraTorre", "sangre": "PrimeraSangre", "value": 2}, {"gana": "PierdePartida", "nashors": "ConsigueBaron", "torre": "No_PrimeraTorre", "sangre": "No_PrimeraSangre", "value": 3}, {"gana": "PierdePartida", "nashors": "No_ConsigueBaron", "torre": "PrimeraTorre", "sangre": "PrimeraSangre", "value": 1}, {"gana": "PierdePartida", "nashors": "No_ConsigueBaron", "torre": "PrimeraTorre", "sangre": "No_PrimeraSangre", "value": 5}, {"gana": "PierdePartida", "nashors": "No_ConsigueBaron", "torre": "No_PrimeraTorre", "sangre": "PrimeraSangre", "value": 3}, {"gana": "PierdePartida", "nashors": "No_ConsigueBaron", "torre": "No_PrimeraTorre", "sangre": "No_PrimeraSangre", "value": 5}]}, {"seleccion": "Immortals_LCS", "ps": [{"gana": "GanaPartida", "nashors": "ConsigueBaron", "torre": "PrimeraTorre", "sangre": "PrimeraSangre", "value": 3}, {"gana": "GanaPartida", "nashors": "ConsigueBaron", "torre": "PrimeraTorre", "sangre": "No_PrimeraSangre", "value": 3}, {"gana": "GanaPartida", "nashors": "ConsigueBaron", "torre": "No_PrimeraTorre", "sangre": "PrimeraSangre", "value": 1}, {"gana": "GanaPartida", "nashors": "ConsigueBaron", "torre": "No_PrimeraTorre", "sangre": "No_PrimeraSangre", "value": 3}, {"gana": "GanaPartida", "nashors": "No_ConsigueBaron", "torre": "PrimeraTorre", "sangre": "PrimeraSangre", "value": 0}, {"gana": "GanaPartida", "nashors": "No_ConsigueBaron", "torre": "PrimeraTorre", "sangre": "No_PrimeraSangre", "value": 0}, {"gana": "GanaPartida", "nashors": "No_ConsigueBaron", "torre": "No_PrimeraTorre", "sangre": "PrimeraSangre", "value": 0}, {"gana": "GanaPartida", "nashors": "No_ConsigueBaron", "torre": "No_PrimeraTorre", "sangre": "No_PrimeraSangre", "value": 2}, {"gana": "PierdePartida", "nashors": "ConsigueBaron", "torre": "PrimeraTorre", "sangre": "PrimeraSangre", "value": 0}, {"gana": "PierdePartida", "nashors": "ConsigueBaron", "torre": "PrimeraTorre", "sangre": "No_PrimeraSangre", "value": 1}, {"gana": "PierdePartida", "nashors": "ConsigueBaron", "torre": "No_PrimeraTorre", "sangre": "PrimeraSangre", "value": 0}, {"gana": "PierdePartida", "nashors": "ConsigueBaron", "torre": "No_PrimeraTorre", "sangre": "No_PrimeraSangre", "value": 1}, {"gana": "PierdePartida", "nashors": "No_ConsigueBaron", "torre": "PrimeraTorre", "sangre": "PrimeraSangre", "value": 5}, {"gana": "PierdePartida", "nashors": "No_ConsigueBaron", "torre": "PrimeraTorre", "sangre": "No_PrimeraSangre", "value": 4}, {"gana": "PierdePartida", "nashors": "No_ConsigueBaron", "torre": "No_PrimeraTorre", "sangre": "PrimeraSangre", "value": 4}, {"gana": "PierdePartida", "nashors": "No_ConsigueBaron", "torre": "No_PrimeraTorre", "sangre": "No_PrimeraSangre", "value": 10}]}, {"seleccion": "CLG_LCS", "ps": [{"gana": "GanaPartida", "nashors": "ConsigueBaron", "torre": "PrimeraTorre", "sangre": "PrimeraSangre", "value": 1}, {"gana": "GanaPartida", "nashors": "ConsigueBaron", "torre": "PrimeraTorre", "sangre": "No_PrimeraSangre", "value": 3}, {"gana": "GanaPartida", "nashors": "ConsigueBaron", "torre": "No_PrimeraTorre", "sangre": "PrimeraSangre", "value": 1}, {"gana": "GanaPartida", "nashors": "ConsigueBaron", "torre": "No_PrimeraTorre", "sangre": "No_PrimeraSangre", "value": 3}, {"gana": "GanaPartida", "nashors": "No_ConsigueBaron", "torre": "PrimeraTorre", "sangre": "PrimeraSangre", "value": 0}, {"gana": "GanaPartida", "nashors": "No_ConsigueBaron", "torre": "PrimeraTorre", "sangre": "No_PrimeraSangre", "value": 0}, {"gana": "GanaPartida", "nashors": "No_ConsigueBaron", "torre": "No_PrimeraTorre", "sangre": "PrimeraSangre", "value": 0}, {"gana": "GanaPartida", "nashors": "No_ConsigueBaron", "torre": "No_PrimeraTorre", "sangre": "No_PrimeraSangre", "value": 0}, {"gana": "PierdePartida", "nashors": "ConsigueBaron", "torre": "PrimeraTorre", "sangre": "PrimeraSangre", "value": 1}, {"gana": "PierdePartida", "nashors": "ConsigueBaron", "torre": "PrimeraTorre", "sangre": "No_PrimeraSangre", "value": 1}, {"gana": "PierdePartida", "nashors": "ConsigueBaron", "torre": "No_PrimeraTorre", "sangre": "PrimeraSangre", "value": 0}, {"gana": "PierdePartida", "nashors": "ConsigueBaron", "torre": "No_PrimeraTorre", "sangre": "No_PrimeraSangre", "value": 0}, {"gana": "PierdePartida", "nashors": "No_ConsigueBaron", "torre": "PrimeraTorre", "sangre": "PrimeraSangre", "value": 3}, {"gana": "PierdePartida", "nashors": "No_ConsigueBaron", "torre": "PrimeraTorre", "sangre": "No_PrimeraSangre", "value": 3}, {"gana": "PierdePartida", "nashors": "No_ConsigueBaron", "torre": "No_PrimeraTorre", "sangre": "PrimeraSangre", "value": 9}, {"gana": "PierdePartida", "nashors": "No_ConsigueBaron", "torre": "No_PrimeraTorre", "sangre": "No_PrimeraSangre", "value": 11}]}, {"seleccion": "FlyQuest_LCS", "ps": [{"gana": "GanaPartida", "nashors": "ConsigueBaron", "torre": "PrimeraTorre", "sangre": "PrimeraSangre", "value": 17}, {"gana": "GanaPartida", "nashors": "ConsigueBaron", "torre": "PrimeraTorre", "sangre": "No_PrimeraSangre", "value": 4}, {"gana": "GanaPartida", "nashors": "ConsigueBaron", "torre": "No_PrimeraTorre", "sangre": "PrimeraSangre", "value": 9}, {"gana": "GanaPartida", "nashors": "ConsigueBaron", "torre": "No_PrimeraTorre", "sangre": "No_PrimeraSangre", "value": 8}, {"gana": "GanaPartida", "nashors": "No_ConsigueBaron", "torre": "PrimeraTorre", "sangre": "PrimeraSangre", "value": 4}, {"gana": "GanaPartida", "nashors": "No_ConsigueBaron", "torre": "PrimeraTorre", "sangre": "No_PrimeraSangre", "value": 0}, {"gana": "GanaPartida", "nashors": "No_ConsigueBaron", "torre": "No_PrimeraTorre", "sangre": "PrimeraSangre", "value": 1}, {"gana": "GanaPartida", "nashors": "No_ConsigueBaron", "torre": "No_PrimeraTorre", "sangre": "No_PrimeraSangre", "value": 0}, {"gana": "PierdePartida", "nashors": "ConsigueBaron", "torre": "PrimeraTorre", "sangre": "PrimeraSangre", "value": 0}, {"gana": "PierdePartida", "nashors": "ConsigueBaron", "torre": "PrimeraTorre", "sangre": "No_PrimeraSangre", "value": 2}, {"gana": "PierdePartida", "nashors": "ConsigueBaron", "torre": "No_PrimeraTorre", "sangre": "PrimeraSangre", "value": 2}, {"gana": "PierdePartida", "nashors": "ConsigueBaron", "torre": "No_PrimeraTorre", "sangre": "No_PrimeraSangre", "value": 2}, {"gana": "PierdePartida", "nashors": "No_ConsigueBaron", "torre": "PrimeraTorre", "sangre": "PrimeraSangre", "value": 2}, {"gana": "PierdePartida", "nashors": "No_ConsigueBaron", "torre": "PrimeraTorre", "sangre": "No_PrimeraSangre", "value": 2}, {"gana": "PierdePartida", "nashors": "No_ConsigueBaron", "torre": "No_PrimeraTorre", "sangre": "PrimeraSangre", "value": 10}, {"gana": "PierdePartida", "nashors": "No_ConsigueBaron", "torre": "No_PrimeraTorre", "sangre": "No_PrimeraSangre", "value": 11}]}, {"seleccion": "Cloud9_LCS", "ps": [{"gana": "GanaPartida", "nashors": "ConsigueBaron", "torre": "PrimeraTorre", "sangre": "PrimeraSangre", "value": 20}, {"gana": "GanaPartida", "nashors": "ConsigueBaron", "torre": "PrimeraTorre", "sangre": "No_PrimeraSangre", "value": 12}, {"gana": "GanaPartida", "nashors": "ConsigueBaron", "torre": "No_PrimeraTorre", "sangre": "PrimeraSangre", "value": 4}, {"gana": "GanaPartida", "nashors": "ConsigueBaron", "torre": "No_PrimeraTorre", "sangre": "No_PrimeraSangre", "value": 3}, {"gana": "GanaPartida", "nashors": "No_ConsigueBaron", "torre": "PrimeraTorre", "sangre": "PrimeraSangre", "value": 0}, {"gana": "GanaPartida", "nashors": "No_ConsigueBaron", "torre": "PrimeraTorre", "sangre": "No_PrimeraSangre", "value": 3}, {"gana": "GanaPartida", "nashors": "No_ConsigueBaron", "torre": "No_PrimeraTorre", "sangre": "PrimeraSangre", "value": 1}, {"gana": "GanaPartida", "nashors": "No_ConsigueBaron", "torre": "No_PrimeraTorre", "sangre": "No_PrimeraSangre", "value": 0}, {"gana": "PierdePartida", "nashors": "ConsigueBaron", "torre": "PrimeraTorre", "sangre": "PrimeraSangre", "value": 1}, {"gana": "PierdePartida", "nashors": "ConsigueBaron", "torre": "PrimeraTorre", "sangre": "No_PrimeraSangre", "value": 0}, {"gana": "PierdePartida", "nashors": "ConsigueBaron", "torre": "No_PrimeraTorre", "sangre": "PrimeraSangre", "value": 0}, {"gana": "PierdePartida", "nashors": "ConsigueBaron", "torre": "No_PrimeraTorre", "sangre": "No_PrimeraSangre", "value": 1}, {"gana": "PierdePartida", "nashors": "No_ConsigueBaron", "torre": "PrimeraTorre", "sangre": "PrimeraSangre", "value": 5}, {"gana": "PierdePartida", "nashors": "No_ConsigueBaron", "torre": "PrimeraTorre", "sangre": "No_PrimeraSangre", "value": 1}, {"gana": "PierdePartida", "nashors": "No_ConsigueBaron", "torre": "No_PrimeraTorre", "sangre": "PrimeraSangre", "value": 0}, {"gana": "PierdePartida", "nashors": "No_ConsigueBaron", "torre": "No_PrimeraTorre", "sangre": "No_PrimeraSangre", "value": 5}]}, {"seleccion": "TSM_LCS", "ps": [{"gana": "GanaPartida", "nashors": "ConsigueBaron", "torre": "PrimeraTorre", "sangre": "PrimeraSangre", "value": 17}, {"gana": "GanaPartida", "nashors": "ConsigueBaron", "torre": "PrimeraTorre", "sangre": "No_PrimeraSangre", "value": 6}, {"gana": "GanaPartida", "nashors": "ConsigueBaron", "torre": "No_PrimeraTorre", "sangre": "PrimeraSangre", "value": 11}, {"gana": "GanaPartida", "nashors": "ConsigueBaron", "torre": "No_PrimeraTorre", "sangre": "No_PrimeraSangre", "value": 2}, {"gana": "GanaPartida", "nashors": "No_ConsigueBaron", "torre": "PrimeraTorre", "sangre": "PrimeraSangre", "value": 1}, {"gana": "GanaPartida", "nashors": "No_ConsigueBaron", "torre": "PrimeraTorre", "sangre": "No_PrimeraSangre", "value": 3}, {"gana": "GanaPartida", "nashors": "No_ConsigueBaron", "torre": "No_PrimeraTorre", "sangre": "PrimeraSangre", "value": 0}, {"gana": "GanaPartida", "nashors": "No_ConsigueBaron", "torre": "No_PrimeraTorre", "sangre": "No_PrimeraSangre", "value": 1}, {"gana": "PierdePartida", "nashors": "ConsigueBaron", "torre": "PrimeraTorre", "sangre": "PrimeraSangre", "value": 3}, {"gana": "PierdePartida", "nashors": "ConsigueBaron", "torre": "PrimeraTorre", "sangre": "No_PrimeraSangre", "value": 0}, {"gana": "PierdePartida", "nashors": "ConsigueBaron", "torre": "No_PrimeraTorre", "sangre": "PrimeraSangre", "value": 0}, {"gana": "PierdePartida", "nashors": "ConsigueBaron", "torre": "No_PrimeraTorre", "sangre": "No_PrimeraSangre", "value": 0}, {"gana": "PierdePartida", "nashors": "No_ConsigueBaron", "torre": "PrimeraTorre", "sangre": "PrimeraSangre", "value": 7}, {"gana": "PierdePartida", "nashors": "No_ConsigueBaron", "torre": "PrimeraTorre", "sangre": "No_PrimeraSangre", "value": 4}, {"gana": "PierdePartida", "nashors": "No_ConsigueBaron", "torre": "No_PrimeraTorre", "sangre": "PrimeraSangre", "value": 5}, {"gana": "PierdePartida", "nashors": "No_ConsigueBaron", "torre": "No_PrimeraTorre", "sangre": "No_PrimeraSangre", "value": 11}]}]