{"name": "torneos", "children": [{"name": "WORLDS", "children": [{"name": "Unicorns Of Love", "value": 14}, {"name": "Papara SuperMassive", "value": 12}, {"name": "Legacy eSports", "value": 8}, {"name": "MAD Lions", "value": 10}, {"name": "Rainbow7", "value": 7}, {"name": "LGD Gaming", "value": 17}, {"name": "Team Liquid", "value": 11}, {"name": "INTZ e-Sports", "value": 5}, {"name": "PSG Talon", "value": 11}, {"name": "V3 Esports", "value": 5}, {"name": "DAMWON Gaming", "value": 17}, {"name": "Suning", "value": 19}, {"name": "Top Esports", "value": 15}, {"name": "G2 Esports", "value": 14}, {"name": "Gen.G eSports", "value": 9}, {"name": "Fnatic", "value": 11}, {"name": "JD Gaming", "value": 10}, {"name": "DragonX", "value": 9}, {"name": "FlyQuest", "value": 6}, {"name": "TSM", "value": 6}, {"name": "Rogue", "value": 6}, {"name": "Machi E-Sports", "value": 6}], "value": 114}, {"name": "LEC", "children": [{"name": "G2 Esports", "value": 67}, {"name": "Fnatic", "value": 57}, {"name": "Origen", "value": 48}, {"name": "SK Gaming", "value": 39}, {"name": "Rogue", "value": 54}, {"name": "Excel Esports", "value": 36}, {"name": "Misfits Gaming", "value": 40}, {"name": "FC Schalke 04", "value": 43}, {"name": "MAD Lions", "value": 58}, {"name": "Team Vitality", "value": 36}], "value": 239}, {"name": "LCS", "children": [{"name": "Evil Geniuses", "value": 58}, {"name": "Golden Guardians", "value": 51}, {"name": "100 Thieves", "value": 48}, {"name": "Dignitas", "value": 42}, {"name": "Team Liquid", "value": 49}, {"name": "Immortals", "value": 37}, {"name": "CLG", "value": 36}, {"name": "FlyQuest", "value": 74}, {"name": "Cloud9", "value": 56}, {"name": "TSM", "value": 71}], "value": 261}]}