[{"seleccion": "torneos", "diccionario": {"y": "% winrate", "series": [{"name": "azul", "values": [56.0, 51.0, 60.0, 49.0, 50.0, 55.0, 53.0, 54.0, 46.0]}, {"name": "rojo", "values": [44.0, 49.0, 40.0, 51.0, 50.0, 45.0, 47.0, 46.0, 54.0]}], "dates": ["2020-01", "2020-02", "2020-03", "2020-04", "2020-06", "2020-07", "2020-08", "2020-09", "2020-10"]}}, {"seleccion": "WORLDS", "diccionario": {"y": "% winrate", "series": [{"name": "azul", "values": [-1.0, -1.0, -1.0, -1.0, -1.0, -1.0, -1.0, 61.0, 46.0]}, {"name": "rojo", "values": [-1.0, -1.0, -1.0, -1.0, -1.0, -1.0, -1.0, 39.0, 54.0]}], "dates": ["2020-01", "2020-02", "2020-03", "2020-04", "2020-06", "2020-07", "2020-08", "2020-09", "2020-10"]}}, {"seleccion": "Unicorns Of Love_WORLDS", "diccionario": {"y": "% winrate", "series": [{"name": "azul", "values": [-1.0, -1.0, -1.0, -1.0, -1.0, -1.0, -1.0, 80.0, 0.0]}, {"name": "rojo", "values": [-1.0, -1.0, -1.0, -1.0, -1.0, -1.0, -1.0, 67.0, 0.0]}], "dates": ["2020-01", "2020-02", "2020-03", "2020-04", "2020-06", "2020-07", "2020-08", "2020-09", "2020-10"]}}, {"seleccion": "Papara SuperMassive_WORLDS", "diccionario": {"y": "% winrate", "series": [{"name": "azul", "values": [-1.0, -1.0, -1.0, -1.0, -1.0, -1.0, -1.0, 67.0, -1.0]}, {"name": "rojo", "values": [-1.0, -1.0, -1.0, -1.0, -1.0, -1.0, -1.0, 17.0, -1.0]}], "dates": ["2020-01", "2020-02", "2020-03", "2020-04", "2020-06", "2020-07", "2020-08", "2020-09", "2020-10"]}}, {"seleccion": "Legacy eSports_WORLDS", "diccionario": {"y": "% winrate", "series": [{"name": "azul", "values": [-1.0, -1.0, -1.0, -1.0, -1.0, -1.0, -1.0, 40.0, -1.0]}, {"name": "rojo", "values": [-1.0, -1.0, -1.0, -1.0, -1.0, -1.0, -1.0, 33.0, -1.0]}], "dates": ["2020-01", "2020-02", "2020-03", "2020-04", "2020-06", "2020-07", "2020-08", "2020-09", "2020-10"]}}, {"seleccion": "MAD Lions_WORLDS", "diccionario": {"y": "% winrate", "series": [{"name": "azul", "values": [-1.0, -1.0, -1.0, -1.0, -1.0, -1.0, -1.0, 80.0, -1.0]}, {"name": "rojo", "values": [-1.0, -1.0, -1.0, -1.0, -1.0, -1.0, -1.0, 0.0, -1.0]}], "dates": ["2020-01", "2020-02", "2020-03", "2020-04", "2020-06", "2020-07", "2020-08", "2020-09", "2020-10"]}}, {"seleccion": "Rainbow7_WORLDS", "diccionario": {"y": "% winrate", "series": [{"name": "azul", "values": [-1.0, -1.0, -1.0, -1.0, -1.0, -1.0, -1.0, 25.0, -1.0]}, {"name": "rojo", "values": [-1.0, -1.0, -1.0, -1.0, -1.0, -1.0, -1.0, 33.0, -1.0]}], "dates": ["2020-01", "2020-02", "2020-03", "2020-04", "2020-06", "2020-07", "2020-08", "2020-09", "2020-10"]}}, {"seleccion": "LGD Gaming_WORLDS", "diccionario": {"y": "% winrate", "series": [{"name": "azul", "values": [-1.0, -1.0, -1.0, -1.0, -1.0, -1.0, -1.0, 50.0, 67.0]}, {"name": "rojo", "values": [-1.0, -1.0, -1.0, -1.0, -1.0, -1.0, -1.0, 86.0, 33.0]}], "dates": ["2020-01", "2020-02", "2020-03", "2020-04", "2020-06", "2020-07", "2020-08", "2020-09", "2020-10"]}}, {"seleccion": "Team Liquid_WORLDS", "diccionario": {"y": "% winrate", "series": [{"name": "azul", "values": [-1.0, -1.0, -1.0, -1.0, -1.0, -1.0, -1.0, 100.0, 33.0]}, {"name": "rojo", "values": [-1.0, -1.0, -1.0, -1.0, -1.0, -1.0, -1.0, 50.0, 67.0]}], "dates": ["2020-01", "2020-02", "2020-03", "2020-04", "2020-06", "2020-07", "2020-08", "2020-09", "2020-10"]}}, {"seleccion": "INTZ e-Sports_WORLDS", "diccionario": {"y": "% winrate", "series": [{"name": "azul", "values": [-1.0, -1.0, -1.0, -1.0, -1.0, -1.0, -1.0, 50.0, -1.0]}, {"name": "rojo", "values": [-1.0, -1.0, -1.0, -1.0, -1.0, -1.0, -1.0, 0.0, -1.0]}], "dates": ["2020-01", "2020-02", "2020-03", "2020-04", "2020-06", "2020-07", "2020-08", "2020-09", "2020-10"]}}, {"seleccion": "PSG Talon_WORLDS", "diccionario": {"y": "% winrate", "series": [{"name": "azul", "values": [-1.0, -1.0, -1.0, -1.0, -1.0, -1.0, -1.0, 100.0, 33.0]}, {"name": "rojo", "values": [-1.0, -1.0, -1.0, -1.0, -1.0, -1.0, -1.0, 67.0, 33.0]}], "dates": ["2020-01", "2020-02", "2020-03", "2020-04", "2020-06", "2020-07", "2020-08", "2020-09", "2020-10"]}}, {"seleccion": "V3 Esports_WORLDS", "diccionario": {"y": "% winrate", "series": [{"name": "azul", "values": [-1.0, -1.0, -1.0, -1.0, -1.0, -1.0, -1.0, 0.0, -1.0]}, {"name": "rojo", "values": [-1.0, -1.0, -1.0, -1.0, -1.0, -1.0, -1.0, 33.0, -1.0]}], "dates": ["2020-01", "2020-02", "2020-03", "2020-04", "2020-06", "2020-07", "2020-08", "2020-09", "2020-10"]}}, {"seleccion": "DAMWON Gaming_WORLDS", "diccionario": {"y": "% winrate", "series": [{"name": "azul", "values": [-1.0, -1.0, -1.0, -1.0, -1.0, -1.0, -1.0, -1.0, 78.0]}, {"name": "rojo", "values": [-1.0, -1.0, -1.0, -1.0, -1.0, -1.0, -1.0, -1.0, 88.0]}], "dates": ["2020-01", "2020-02", "2020-03", "2020-04", "2020-06", "2020-07", "2020-08", "2020-09", "2020-10"]}}, {"seleccion": "Suning_WORLDS", "diccionario": {"y": "% winrate", "series": [{"name": "azul", "values": [-1.0, -1.0, -1.0, -1.0, -1.0, -1.0, -1.0, -1.0, 56.0]}, {"name": "rojo", "values": [-1.0, -1.0, -1.0, -1.0, -1.0, -1.0, -1.0, -1.0, 70.0]}], "dates": ["2020-01", "2020-02", "2020-03", "2020-04", "2020-06", "2020-07", "2020-08", "2020-09", "2020-10"]}}, {"seleccion": "Top Esports_WORLDS", "diccionario": {"y": "% winrate", "series": [{"name": "azul", "values": [-1.0, -1.0, -1.0, -1.0, -1.0, -1.0, -1.0, -1.0, 38.0]}, {"name": "rojo", "values": [-1.0, -1.0, -1.0, -1.0, -1.0, -1.0, -1.0, -1.0, 86.0]}], "dates": ["2020-01", "2020-02", "2020-03", "2020-04", "2020-06", "2020-07", "2020-08", "2020-09", "2020-10"]}}, {"seleccion": "G2 Esports_WORLDS", "diccionario": {"y": "% winrate", "series": [{"name": "azul", "values": [-1.0, -1.0, -1.0, -1.0, -1.0, -1.0, -1.0, -1.0, 50.0]}, {"name": "rojo", "values": [-1.0, -1.0, -1.0, -1.0, -1.0, -1.0, -1.0, -1.0, 62.0]}], "dates": ["2020-01", "2020-02", "2020-03", "2020-04", "2020-06", "2020-07", "2020-08", "2020-09", "2020-10"]}}, {"seleccion": "Gen.G eSports_WORLDS", "diccionario": {"y": "% winrate", "series": [{"name": "azul", "values": [-1.0, -1.0, -1.0, -1.0, -1.0, -1.0, -1.0, -1.0, 60.0]}, {"name": "rojo", "values": [-1.0, -1.0, -1.0, -1.0, -1.0, -1.0, -1.0, -1.0, 50.0]}], "dates": ["2020-01", "2020-02", "2020-03", "2020-04", "2020-06", "2020-07", "2020-08", "2020-09", "2020-10"]}}, {"seleccion": "Fnatic_WORLDS", "diccionario": {"y": "% winrate", "series": [{"name": "azul", "values": [-1.0, -1.0, -1.0, -1.0, -1.0, -1.0, -1.0, -1.0, 60.0]}, {"name": "rojo", "values": [-1.0, -1.0, -1.0, -1.0, -1.0, -1.0, -1.0, -1.0, 50.0]}], "dates": ["2020-01", "2020-02", "2020-03", "2020-04", "2020-06", "2020-07", "2020-08", "2020-09", "2020-10"]}}, {"seleccion": "JD Gaming_WORLDS", "diccionario": {"y": "% winrate", "series": [{"name": "azul", "values": [-1.0, -1.0, -1.0, -1.0, -1.0, -1.0, -1.0, -1.0, 40.0]}, {"name": "rojo", "values": [-1.0, -1.0, -1.0, -1.0, -1.0, -1.0, -1.0, -1.0, 60.0]}], "dates": ["2020-01", "2020-02", "2020-03", "2020-04", "2020-06", "2020-07", "2020-08", "2020-09", "2020-10"]}}, {"seleccion": "DragonX_WORLDS", "diccionario": {"y": "% winrate", "series": [{"name": "azul", "values": [-1.0, -1.0, -1.0, -1.0, -1.0, -1.0, -1.0, -1.0, 40.0]}, {"name": "rojo", "values": [-1.0, -1.0, -1.0, -1.0, -1.0, -1.0, -1.0, -1.0, 50.0]}], "dates": ["2020-01", "2020-02", "2020-03", "2020-04", "2020-06", "2020-07", "2020-08", "2020-09", "2020-10"]}}, {"seleccion": "FlyQuest_WORLDS", "diccionario": {"y": "% winrate", "series": [{"name": "azul", "values": [-1.0, -1.0, -1.0, -1.0, -1.0, -1.0, -1.0, -1.0, 33.0]}, {"name": "rojo", "values": [-1.0, -1.0, -1.0, -1.0, -1.0, -1.0, -1.0, -1.0, 67.0]}], "dates": ["2020-01", "2020-02", "2020-03", "2020-04", "2020-06", "2020-07", "2020-08", "2020-09", "2020-10"]}}, {"seleccion": "TSM_WORLDS", "diccionario": {"y": "% winrate", "series": [{"name": "azul", "values": [-1.0, -1.0, -1.0, -1.0, -1.0, -1.0, -1.0, -1.0, 0.0]}, {"name": "rojo", "values": [-1.0, -1.0, -1.0, -1.0, -1.0, -1.0, -1.0, -1.0, 0.0]}], "dates": ["2020-01", "2020-02", "2020-03", "2020-04", "2020-06", "2020-07", "2020-08", "2020-09", "2020-10"]}}, {"seleccion": "Rogue_WORLDS", "diccionario": {"y": "% winrate", "series": [{"name": "azul", "values": [-1.0, -1.0, -1.0, -1.0, -1.0, -1.0, -1.0, -1.0, 33.0]}, {"name": "rojo", "values": [-1.0, -1.0, -1.0, -1.0, -1.0, -1.0, -1.0, -1.0, 0.0]}], "dates": ["2020-01", "2020-02", "2020-03", "2020-04", "2020-06", "2020-07", "2020-08", "2020-09", "2020-10"]}}, {"seleccion": "Machi E-Sports_WORLDS", "diccionario": {"y": "% winrate", "series": [{"name": "azul", "values": [-1.0, -1.0, -1.0, -1.0, -1.0, -1.0, -1.0, -1.0, 33.0]}, {"name": "rojo", "values": [-1.0, -1.0, -1.0, -1.0, -1.0, -1.0, -1.0, -1.0, 0.0]}], "dates": ["2020-01", "2020-02", "2020-03", "2020-04", "2020-06", "2020-07", "2020-08", "2020-09", "2020-10"]}}, {"seleccion": "LEC", "diccionario": {"y": "% winrate", "series": [{"name": "azul", "values": [53.0, 47.0, 47.0, 40.0, 41.0, 51.0, 55.0, 25.0, -1.0]}, {"name": "rojo", "values": [47.0, 53.0, 53.0, 60.0, 59.0, 49.0, 45.0, 75.0, -1.0]}], "dates": ["2020-01", "2020-02", "2020-03", "2020-04", "2020-06", "2020-07", "2020-08", "2020-09", "2020-10"]}}, {"seleccion": "G2 Esports_LEC", "diccionario": {"y": "% winrate", "series": [{"name": "azul", "values": [100.0, 71.0, 100.0, 67.0, 40.0, 40.0, 70.0, 50.0, -1.0]}, {"name": "rojo", "values": [100.0, 50.0, 100.0, 78.0, 100.0, 50.0, 67.0, 83.0, -1.0]}], "dates": ["2020-01", "2020-02", "2020-03", "2020-04", "2020-06", "2020-07", "2020-08", "2020-09", "2020-10"]}}, {"seleccion": "Fnatic_LEC", "diccionario": {"y": "% winrate", "series": [{"name": "azul", "values": [50.0, 67.0, 50.0, 50.0, 40.0, 50.0, 100.0, 0.0, -1.0]}, {"name": "rojo", "values": [100.0, 83.0, 100.0, 100.0, 50.0, 67.0, 64.0, 0.0, -1.0]}], "dates": ["2020-01", "2020-02", "2020-03", "2020-04", "2020-06", "2020-07", "2020-08", "2020-09", "2020-10"]}}, {"seleccion": "Origen_LEC", "diccionario": {"y": "% winrate", "series": [{"name": "azul", "values": [100.0, 75.0, 50.0, 20.0, 50.0, 25.0, 0.0, -1.0, -1.0]}, {"name": "rojo", "values": [100.0, 60.0, 100.0, 57.0, 60.0, 33.0, 0.0, -1.0, -1.0]}], "dates": ["2020-01", "2020-02", "2020-03", "2020-04", "2020-06", "2020-07", "2020-08", "2020-09", "2020-10"]}}, {"seleccion": "SK Gaming_LEC", "diccionario": {"y": "% winrate", "series": [{"name": "azul", "values": [33.0, 0.0, 25.0, -1.0, 25.0, 67.0, 50.0, -1.0, -1.0]}, {"name": "rojo", "values": [-1.0, 14.0, 50.0, -1.0, 100.0, 25.0, 0.0, -1.0, -1.0]}], "dates": ["2020-01", "2020-02", "2020-03", "2020-04", "2020-06", "2020-07", "2020-08", "2020-09", "2020-10"]}}, {"seleccion": "Rogue_LEC", "diccionario": {"y": "% winrate", "series": [{"name": "azul", "values": [100.0, 50.0, 33.0, 25.0, 100.0, 80.0, 40.0, 25.0, -1.0]}, {"name": "rojo", "values": [50.0, 100.0, 33.0, 75.0, 67.0, 100.0, 60.0, 100.0, -1.0]}], "dates": ["2020-01", "2020-02", "2020-03", "2020-04", "2020-06", "2020-07", "2020-08", "2020-09", "2020-10"]}}, {"seleccion": "Excel Esports_LEC", "diccionario": {"y": "% winrate", "series": [{"name": "azul", "values": [67.0, 75.0, 25.0, -1.0, 25.0, 33.0, 67.0, -1.0, -1.0]}, {"name": "rojo", "values": [-1.0, 20.0, 0.0, -1.0, 33.0, 75.0, 0.0, -1.0, -1.0]}], "dates": ["2020-01", "2020-02", "2020-03", "2020-04", "2020-06", "2020-07", "2020-08", "2020-09", "2020-10"]}}, {"seleccion": "Misfits Gaming_LEC", "diccionario": {"y": "% winrate", "series": [{"name": "azul", "values": [-1.0, 50.0, 33.0, 33.0, 0.0, 67.0, 50.0, -1.0, -1.0]}, {"name": "rojo", "values": [33.0, 86.0, 33.0, 0.0, 80.0, 0.0, 0.0, -1.0, -1.0]}], "dates": ["2020-01", "2020-02", "2020-03", "2020-04", "2020-06", "2020-07", "2020-08", "2020-09", "2020-10"]}}, {"seleccion": "FC Schalke 04_LEC", "diccionario": {"y": "% winrate", "series": [{"name": "azul", "values": [0.0, 0.0, 50.0, -1.0, 0.0, 67.0, 67.0, -1.0, -1.0]}, {"name": "rojo", "values": [0.0, 50.0, 75.0, -1.0, 0.0, 50.0, 80.0, -1.0, -1.0]}], "dates": ["2020-01", "2020-02", "2020-03", "2020-04", "2020-06", "2020-07", "2020-08", "2020-09", "2020-10"]}}, {"seleccion": "MAD Lions_LEC", "diccionario": {"y": "% winrate", "series": [{"name": "azul", "values": [-1.0, 50.0, 100.0, 25.0, 100.0, 100.0, 33.0, -1.0, -1.0]}, {"name": "rojo", "values": [33.0, 80.0, 60.0, 29.0, 75.0, 67.0, 33.0, -1.0, -1.0]}], "dates": ["2020-01", "2020-02", "2020-03", "2020-04", "2020-06", "2020-07", "2020-08", "2020-09", "2020-10"]}}, {"seleccion": "Team Vitality_LEC", "diccionario": {"y": "% winrate", "series": [{"name": "azul", "values": [0.0, 17.0, 0.0, -1.0, 50.0, 25.0, 100.0, -1.0, -1.0]}, {"name": "rojo", "values": [0.0, 0.0, 20.0, -1.0, 40.0, 33.0, 33.0, -1.0, -1.0]}], "dates": ["2020-01", "2020-02", "2020-03", "2020-04", "2020-06", "2020-07", "2020-08", "2020-09", "2020-10"]}}, {"seleccion": "LCS", "diccionario": {"y": "% winrate", "series": [{"name": "azul", "values": [60.0, 55.0, 70.0, 58.0, 60.0, 59.0, 51.0, 50.0, -1.0]}, {"name": "rojo", "values": [40.0, 45.0, 30.0, 42.0, 40.0, 41.0, 49.0, 50.0, -1.0]}], "dates": ["2020-01", "2020-02", "2020-03", "2020-04", "2020-06", "2020-07", "2020-08", "2020-09", "2020-10"]}}, {"seleccion": "Evil Geniuses_LCS", "diccionario": {"y": "% winrate", "series": [{"name": "azul", "values": [100.0, 33.0, 100.0, 57.0, 100.0, 40.0, 29.0, -1.0, -1.0]}, {"name": "rojo", "values": [0.0, 33.0, 67.0, 20.0, 33.0, 25.0, 40.0, -1.0, -1.0]}], "dates": ["2020-01", "2020-02", "2020-03", "2020-04", "2020-06", "2020-07", "2020-08", "2020-09", "2020-10"]}}, {"seleccion": "Golden Guardians_LCS", "diccionario": {"y": "% winrate", "series": [{"name": "azul", "values": [0.0, 33.0, 75.0, 0.0, 67.0, 100.0, 100.0, -1.0, -1.0]}, {"name": "rojo", "values": [0.0, 67.0, 25.0, 0.0, 0.0, 40.0, 27.0, -1.0, -1.0]}], "dates": ["2020-01", "2020-02", "2020-03", "2020-04", "2020-06", "2020-07", "2020-08", "2020-09", "2020-10"]}}, {"seleccion": "100 Thieves_LCS", "diccionario": {"y": "% winrate", "series": [{"name": "azul", "values": [100.0, 40.0, 100.0, 17.0, 33.0, 50.0, 25.0, -1.0, -1.0]}, {"name": "rojo", "values": [0.0, 50.0, 40.0, 50.0, 0.0, 50.0, 50.0, -1.0, -1.0]}], "dates": ["2020-01", "2020-02", "2020-03", "2020-04", "2020-06", "2020-07", "2020-08", "2020-09", "2020-10"]}}, {"seleccion": "Dignitas_LCS", "diccionario": {"y": "% winrate", "series": [{"name": "azul", "values": [100.0, 50.0, 60.0, -1.0, 0.0, 67.0, 0.0, -1.0, -1.0]}, {"name": "rojo", "values": [100.0, 25.0, 20.0, -1.0, 0.0, 33.0, 67.0, -1.0, -1.0]}], "dates": ["2020-01", "2020-02", "2020-03", "2020-04", "2020-06", "2020-07", "2020-08", "2020-09", "2020-10"]}}, {"seleccion": "Team Liquid_LCS", "diccionario": {"y": "% winrate", "series": [{"name": "azul", "values": [100.0, 60.0, 25.0, -1.0, 67.0, 83.0, 86.0, 50.0, -1.0]}, {"name": "rojo", "values": [0.0, 25.0, 33.0, -1.0, 67.0, 100.0, 50.0, 33.0, -1.0]}], "dates": ["2020-01", "2020-02", "2020-03", "2020-04", "2020-06", "2020-07", "2020-08", "2020-09", "2020-10"]}}, {"seleccion": "Immortals_LCS", "diccionario": {"y": "% winrate", "series": [{"name": "azul", "values": [0.0, 67.0, 75.0, -1.0, 25.0, 0.0, 0.0, -1.0, -1.0]}, {"name": "rojo", "values": [100.0, 33.0, 0.0, -1.0, 0.0, 40.0, 33.0, -1.0, -1.0]}], "dates": ["2020-01", "2020-02", "2020-03", "2020-04", "2020-06", "2020-07", "2020-08", "2020-09", "2020-10"]}}, {"seleccion": "CLG_LCS", "diccionario": {"y": "% winrate", "series": [{"name": "azul", "values": [0.0, 0.0, 25.0, -1.0, 100.0, 25.0, 0.0, -1.0, -1.0]}, {"name": "rojo", "values": [0.0, 25.0, 25.0, -1.0, 50.0, 0.0, 0.0, -1.0, -1.0]}], "dates": ["2020-01", "2020-02", "2020-03", "2020-04", "2020-06", "2020-07", "2020-08", "2020-09", "2020-10"]}}, {"seleccion": "FlyQuest_LCS", "diccionario": {"y": "% winrate", "series": [{"name": "azul", "values": [100.0, 80.0, 67.0, 70.0, 100.0, 50.0, 86.0, 33.0, -1.0]}, {"name": "rojo", "values": [100.0, 25.0, 20.0, 33.0, 50.0, 50.0, 70.0, 50.0, -1.0]}], "dates": ["2020-01", "2020-02", "2020-03", "2020-04", "2020-06", "2020-07", "2020-08", "2020-09", "2020-10"]}}, {"seleccion": "Cloud9_LCS", "diccionario": {"y": "% winrate", "series": [{"name": "azul", "values": [100.0, 100.0, 100.0, 100.0, 100.0, 75.0, 29.0, -1.0, -1.0]}, {"name": "rojo", "values": [100.0, 100.0, 67.0, 80.0, 100.0, 33.0, 62.0, -1.0, -1.0]}], "dates": ["2020-01", "2020-02", "2020-03", "2020-04", "2020-06", "2020-07", "2020-08", "2020-09", "2020-10"]}}, {"seleccion": "TSM_LCS", "diccionario": {"y": "% winrate", "series": [{"name": "azul", "values": [0.0, 75.0, 67.0, 50.0, 33.0, 80.0, 70.0, 60.0, -1.0]}, {"name": "rojo", "values": [0.0, 60.0, 25.0, 50.0, 100.0, 50.0, 50.0, 60.0, -1.0]}], "dates": ["2020-01", "2020-02", "2020-03", "2020-04", "2020-06", "2020-07", "2020-08", "2020-09", "2020-10"]}}]